{
  "Version": 3,
  "FileReferences": {
    "Moc": "paimeng.moc3",
    "Physics": "paimeng.physics3.json"
  },
  "Controllers": {
    "ParamHit": {},
    "ParamLoop": {},
    "KeyTrigger": {},
    "EyeBlink": {
      "MinInterval": 500,
      "MaxInterval": 6000,
      "Enabled": true
    },
    "LipSync": {
      "Gain": 5.0
    },
    "MouseTracking": {
      "SmoothTime": 0.15,
      "Enabled": true
    },
    "AutoBreath": {
      "Enabled": true
    },
    "ExtraMotion": {
      "Enabled": true
    },
    "Accelerometer": {
      "Enabled": true
    },
    "Microphone": {},
    "Transform": {},
    "FaceTracking": {
      "Enabled": true
    },
    "ParamValue": {},
    "PartOpacity": {},
    "ArtmeshOpacity": {},
    "ArtmeshColor": {},
    "ArtmeshCulling": {
      "DefaultMode": 0
    },
    "IntimacySystem": {}
  },
  "Options": {}
}