{
	"Version": 3,
	"Meta": {
		"Duration": 4.5,
		"Fps": 30.0,
		"Loop": true,
		"AreBeziersRestricted": true,
		"CurveCount": 82,
		"TotalSegmentCount": 849,
		"TotalPointCount": 2611,
		"UserDataCount": 0,
		"TotalUserDataSize": 0
	},
	"Curves": [
		{
			"Target": "Parameter",
			"Id": "ParamAngleX",
			"Segments": [
				0,
				0,
				0,
				0.267,
				0,
				1,
				0.656,
				0,
				1.044,
				0,
				1.433,
				0,
				1,
				1.511,
				0,
				1.589,
				0,
				1.667,
				0,
				1,
				1.822,
				0,
				1.978,
				2,
				2.133,
				2,
				1,
				2.222,
				2,
				2.311,
				1,
				2.4,
				1,
				0,
				4.5,
				1
			]
		},
		{
			"Target": "Parameter",
			"Id": "ParamAngleY",
			"Segments": [
				0,
				0,
				0,
				0.267,
				0,
				1,
				0.422,
				0,
				0.578,
				-1.457,
				0.733,
				-1.457,
				1,
				0.978,
				-1.457,
				1.222,
				1.539,
				1.467,
				1.539,
				1,
				1.533,
				1.539,
				1.6,
				1.745,
				1.667,
				0,
				1,
				1.778,
				-2.909,
				1.889,
				-8.459,
				2,
				-8.459,
				1,
				2.111,
				-8.459,
				2.222,
				12.702,
				2.333,
				12.702,
				1,
				2.389,
				12.702,
				2.444,
				11.831,
				2.5,
				8.562,
				1,
				2.567,
				4.641,
				2.633,
				1.539,
				2.7,
				1.539,
				1,
				2.8,
				1.539,
				2.9,
				12.702,
				3,
				12.702,
				1,
				3.133,
				12.702,
				3.267,
				6.85,
				3.4,
				6.85,
				1,
				3.633,
				6.85,
				3.867,
				10.587,
				4.1,
				10.587,
				1,
				4.222,
				10.587,
				4.344,
				0.367,
				4.467,
				0.367,
				0,
				4.5,
				0.367
			]
		},
		{
			"Target": "Parameter",
			"Id": "ParamAngleZ",
			"Segments": [
				0,
				0,
				1,
				0.111,
				0,
				0.222,
				0.827,
				0.333,
				0.827,
				1,
				0.489,
				0.827,
				0.644,
				-5,
				0.8,
				-5,
				1,
				0.878,
				-5,
				0.956,
				-4.459,
				1.033,
				-4.459,
				1,
				1.189,
				-4.459,
				1.344,
				-5,
				1.5,
				-5,
				1,
				1.622,
				-5,
				1.744,
				-5.082,
				1.867,
				-4.674,
				1,
				1.989,
				-4.267,
				2.111,
				8.098,
				2.233,
				8.491,
				1,
				2.511,
				9.384,
				2.789,
				9.455,
				3.067,
				9.455,
				1,
				3.433,
				9.455,
				3.8,
				9.315,
				4.167,
				8.491,
				1,
				4.278,
				8.241,
				4.389,
				0,
				4.5,
				0
			]
		},
		{
			"Target": "Parameter",
			"Id": "ParamMouthForm",
			"Segments": [
				0,
				0,
				0,
				0.333,
				0,
				1,
				0.411,
				0,
				0.489,
				-1,
				0.567,
				-1,
				1,
				0.622,
				-1,
				0.678,
				0.5,
				0.733,
				0.5,
				1,
				0.778,
				0.5,
				0.822,
				0.5,
				0.867,
				0.5,
				1,
				0.9,
				0.5,
				0.933,
				-0.9,
				0.967,
				-0.9,
				1,
				1,
				-0.9,
				1.033,
				0.9,
				1.067,
				0.9,
				1,
				1.167,
				0.9,
				1.267,
				0.3,
				1.367,
				0.3,
				1,
				1.4,
				0.3,
				1.433,
				1,
				1.467,
				1,
				1,
				1.533,
				1,
				1.6,
				1.025,
				1.667,
				0.9,
				1,
				1.744,
				0.754,
				1.822,
				0,
				1.9,
				0,
				1,
				1.944,
				0,
				1.989,
				0,
				2.033,
				0,
				1,
				2.067,
				0,
				2.1,
				-0.9,
				2.133,
				-0.9,
				1,
				2.2,
				-0.9,
				2.267,
				0,
				2.333,
				0,
				1,
				2.367,
				0,
				2.4,
				-1,
				2.433,
				-1,
				1,
				2.478,
				-1,
				2.522,
				-1,
				2.567,
				-1,
				1,
				2.6,
				-1,
				2.633,
				0.218,
				2.667,
				0.5,
				1,
				2.722,
				0.969,
				2.778,
				1,
				2.833,
				1,
				1,
				2.878,
				1,
				2.922,
				1,
				2.967,
				1,
				1,
				3.011,
				1,
				3.056,
				-0.6,
				3.1,
				-0.6,
				1,
				3.167,
				-0.6,
				3.233,
				0,
				3.3,
				0,
				1,
				3.356,
				0,
				3.411,
				-1,
				3.467,
				-1,
				1,
				3.5,
				-1,
				3.533,
				-1,
				3.567,
				-1,
				1,
				3.611,
				-1,
				3.656,
				-0.879,
				3.7,
				-0.5,
				1,
				3.756,
				-0.026,
				3.811,
				0.3,
				3.867,
				0.3,
				1,
				3.911,
				0.3,
				3.956,
				0.2,
				4,
				0.2,
				1,
				4.067,
				0.2,
				4.133,
				0.2,
				4.2,
				0.2,
				0,
				4.5,
				0.2
			]
		},
		{
			"Target": "Parameter",
			"Id": "ParamMouthOpenY",
			"Segments": [
				0,
				0,
				0,
				0.333,
				0,
				1,
				0.411,
				0,
				0.489,
				0.5,
				0.567,
				0.5,
				1,
				0.622,
				0.5,
				0.678,
				0.4,
				0.733,
				0.4,
				1,
				0.778,
				0.4,
				0.822,
				0.6,
				0.867,
				0.6,
				1,
				0.9,
				0.6,
				0.933,
				0.533,
				0.967,
				0.4,
				1,
				1,
				0.267,
				1.033,
				0.2,
				1.067,
				0.2,
				1,
				1.167,
				0.2,
				1.267,
				0.9,
				1.367,
				0.9,
				1,
				1.4,
				0.9,
				1.433,
				0.3,
				1.467,
				0.3,
				1,
				1.533,
				0.3,
				1.6,
				0.7,
				1.667,
				0.7,
				1,
				1.744,
				0.7,
				1.822,
				0,
				1.9,
				0,
				1,
				1.944,
				0,
				1.989,
				0,
				2.033,
				0,
				1,
				2.067,
				0,
				2.1,
				0.24,
				2.133,
				0.4,
				1,
				2.2,
				0.72,
				2.267,
				0.8,
				2.333,
				0.8,
				1,
				2.367,
				0.8,
				2.4,
				0.2,
				2.433,
				0.2,
				1,
				2.478,
				0.2,
				2.522,
				1,
				2.567,
				1,
				1,
				2.6,
				1,
				2.633,
				0.2,
				2.667,
				0.2,
				1,
				2.722,
				0.2,
				2.778,
				0.4,
				2.833,
				0.4,
				1,
				2.878,
				0.4,
				2.922,
				0.3,
				2.967,
				0.3,
				1,
				3.011,
				0.3,
				3.056,
				0.9,
				3.1,
				0.9,
				1,
				3.167,
				0.9,
				3.233,
				0.2,
				3.3,
				0.2,
				1,
				3.356,
				0.2,
				3.411,
				0.7,
				3.467,
				0.7,
				1,
				3.5,
				0.7,
				3.533,
				0.4,
				3.567,
				0.4,
				1,
				3.611,
				0.4,
				3.656,
				0.9,
				3.7,
				0.9,
				1,
				3.756,
				0.9,
				3.811,
				0.1,
				3.867,
				0.1,
				1,
				3.911,
				0.1,
				3.956,
				0.7,
				4,
				0.7,
				1,
				4.067,
				0.7,
				4.133,
				0,
				4.2,
				0,
				0,
				4.5,
				0
			]
		},
		{
			"Target": "Parameter",
			"Id": "ParamEyeLOpen",
			"Segments": [
				0,
				1,
				1,
				0.122,
				1,
				0.244,
				1,
				0.367,
				1,
				1,
				0.456,
				1,
				0.544,
				0.901,
				0.633,
				0.9,
				1,
				0.756,
				0.899,
				0.878,
				0.899,
				1,
				0.899,
				1,
				1.144,
				0.899,
				1.289,
				0.921,
				1.433,
				0.921,
				1,
				1.667,
				0.921,
				1.9,
				0.9,
				2.133,
				0.9,
				1,
				2.233,
				0.9,
				2.333,
				1,
				2.433,
				1,
				1,
				2.522,
				1,
				2.611,
				1,
				2.7,
				1,
				1,
				2.778,
				1,
				2.856,
				0.964,
				2.933,
				0.964,
				1,
				3.022,
				0.964,
				3.111,
				0.992,
				3.2,
				0.992,
				1,
				3.311,
				0.992,
				3.422,
				0.959,
				3.533,
				0.959,
				1,
				3.644,
				0.959,
				3.756,
				0.976,
				3.867,
				0.983,
				1,
				4.078,
				0.998,
				4.289,
				1,
				4.5,
				1
			]
		},
		{
			"Target": "Parameter",
			"Id": "ParamEyeROpen",
			"Segments": [
				0,
				1,
				1,
				0.122,
				1,
				0.244,
				1,
				0.367,
				1,
				1,
				0.456,
				1,
				0.544,
				0.9,
				0.633,
				0.9,
				1,
				0.756,
				0.9,
				0.878,
				0.9,
				1,
				0.9,
				1,
				1.144,
				0.9,
				1.289,
				0.922,
				1.433,
				0.922,
				1,
				1.667,
				0.922,
				1.9,
				0.9,
				2.133,
				0.9,
				1,
				2.233,
				0.9,
				2.333,
				1,
				2.433,
				1,
				1,
				2.522,
				1,
				2.611,
				1,
				2.7,
				1,
				1,
				2.778,
				1,
				2.856,
				0.963,
				2.933,
				0.963,
				1,
				3.022,
				0.963,
				3.111,
				0.993,
				3.2,
				0.993,
				1,
				3.311,
				0.993,
				3.422,
				0.958,
				3.533,
				0.958,
				1,
				3.644,
				0.958,
				3.756,
				0.977,
				3.867,
				0.984,
				1,
				4.078,
				0.998,
				4.289,
				1,
				4.5,
				1
			]
		},
		{
			"Target": "Parameter",
			"Id": "Param8",
			"Segments": [
				0,
				0,
				1,
				0.578,
				0,
				1.156,
				0,
				1.733,
				0,
				1,
				1.878,
				0,
				2.022,
				1.835,
				2.167,
				1.835,
				1,
				2.289,
				1.835,
				2.411,
				0.245,
				2.533,
				0.245,
				1,
				2.656,
				0.245,
				2.778,
				0.856,
				2.9,
				0.856,
				1,
				3.033,
				0.856,
				3.167,
				0.643,
				3.3,
				0.643,
				1,
				3.422,
				0.643,
				3.544,
				0.718,
				3.667,
				0.718,
				1,
				3.789,
				0.718,
				3.911,
				0.691,
				4.033,
				0.691,
				1,
				4.156,
				0.691,
				4.278,
				0.701,
				4.4,
				0.701,
				1,
				4.433,
				0.701,
				4.467,
				0.7,
				4.5,
				0.7
			]
		},
		{
			"Target": "Parameter",
			"Id": "Param9",
			"Segments": [
				0,
				0,
				1,
				0.111,
				0,
				0.222,
				0,
				0.333,
				0,
				1,
				0.489,
				0,
				0.644,
				-1.221,
				0.8,
				-1.221,
				1,
				1.033,
				-1.221,
				1.267,
				1.379,
				1.5,
				1.379,
				1,
				1.678,
				1.379,
				1.856,
				-7.085,
				2.033,
				-7.085,
				1,
				2.178,
				-7.085,
				2.322,
				12.018,
				2.467,
				12.018,
				1,
				2.578,
				12.018,
				2.689,
				-0.062,
				2.8,
				-0.062,
				1,
				2.911,
				-0.062,
				3.022,
				10.036,
				3.133,
				10.036,
				1,
				3.278,
				10.036,
				3.422,
				3.791,
				3.567,
				3.791,
				1,
				3.744,
				3.791,
				3.922,
				7.944,
				4.1,
				7.944,
				1,
				4.233,
				7.944,
				4.367,
				-0.855,
				4.5,
				-0.855
			]
		},
		{
			"Target": "Parameter",
			"Id": "Param10",
			"Segments": [
				0,
				0,
				1,
				0.133,
				0,
				0.267,
				0,
				0.4,
				0,
				1,
				0.5,
				0,
				0.6,
				0.4,
				0.7,
				0.4,
				1,
				0.8,
				0.4,
				0.9,
				0.402,
				1,
				0.394,
				1,
				1.111,
				0.384,
				1.222,
				0.311,
				1.333,
				0.311,
				1,
				1.433,
				0.311,
				1.533,
				0.356,
				1.633,
				0.356,
				1,
				1.722,
				0.356,
				1.811,
				0.311,
				1.9,
				0.311,
				1,
				1.933,
				0.311,
				1.967,
				0.356,
				2,
				0.356,
				1,
				2.078,
				0.356,
				2.156,
				0,
				2.233,
				0,
				0,
				4.5,
				0
			]
		},
		{
			"Target": "Parameter",
			"Id": "Param12",
			"Segments": [
				0,
				0,
				1,
				0.178,
				0,
				0.356,
				0,
				0.533,
				0,
				1,
				0.622,
				0,
				0.711,
				15,
				0.8,
				15,
				1,
				1.211,
				15,
				1.622,
				3.691,
				2.033,
				3.691,
				1,
				2.189,
				3.691,
				2.344,
				12.019,
				2.5,
				12.019,
				1,
				3.167,
				12.019,
				3.833,
				0,
				4.5,
				0
			]
		},
		{
			"Target": "Parameter",
			"Id": "Param13",
			"Segments": [
				0,
				-0.323,
				1,
				0.256,
				-0.323,
				0.511,
				-8.685,
				0.767,
				-8.685,
				1,
				0.989,
				-8.685,
				1.211,
				-2.101,
				1.433,
				-2.101,
				1,
				1.667,
				-2.101,
				1.9,
				-7.797,
				2.133,
				-7.797,
				1,
				2.922,
				-7.797,
				3.711,
				0,
				4.5,
				0
			]
		},
		{
			"Target": "Parameter",
			"Id": "Param2",
			"Segments": [
				0,
				-5.233,
				1,
				0.122,
				-5.233,
				0.244,
				-4.793,
				0.367,
				-4.793,
				1,
				0.522,
				-4.793,
				0.678,
				-8.857,
				0.833,
				-8.857,
				1,
				0.967,
				-8.857,
				1.1,
				-6.096,
				1.233,
				-6.096,
				1,
				1.467,
				-6.096,
				1.7,
				-9.348,
				1.933,
				-9.348,
				1,
				2.089,
				-9.348,
				2.244,
				7.703,
				2.4,
				7.703,
				1,
				2.522,
				7.703,
				2.644,
				-4.513,
				2.767,
				-4.513,
				1,
				2.878,
				-4.513,
				2.989,
				6.04,
				3.1,
				6.04,
				1,
				3.222,
				6.04,
				3.344,
				-1.611,
				3.467,
				-1.611,
				1,
				3.6,
				-1.611,
				3.733,
				2.818,
				3.867,
				2.818,
				1,
				4.078,
				2.818,
				4.289,
				-6.987,
				4.5,
				-6.987
			]
		},
		{
			"Target": "Parameter",
			"Id": "Param3",
			"Segments": [
				0,
				0.032,
				1,
				0.1,
				0.032,
				0.2,
				-0.181,
				0.3,
				-0.181,
				1,
				0.411,
				-0.181,
				0.522,
				1.259,
				0.633,
				1.259,
				1,
				0.756,
				1.259,
				0.878,
				-2.026,
				1,
				-2.026,
				1,
				1.111,
				-2.026,
				1.222,
				1.749,
				1.333,
				1.749,
				1,
				1.444,
				1.749,
				1.556,
				-0.933,
				1.667,
				-0.933,
				1,
				1.744,
				-0.933,
				1.822,
				0.899,
				1.9,
				0.899,
				1,
				2.011,
				0.899,
				2.122,
				-5.813,
				2.233,
				-5.813,
				1,
				2.344,
				-5.813,
				2.456,
				9.174,
				2.567,
				9.174,
				1,
				2.689,
				9.174,
				2.811,
				-9.797,
				2.933,
				-9.797,
				1,
				3.044,
				-9.797,
				3.156,
				9.095,
				3.267,
				9.095,
				1,
				3.378,
				9.095,
				3.489,
				-6.895,
				3.6,
				-6.895,
				1,
				3.722,
				-6.895,
				3.844,
				4.484,
				3.967,
				4.484,
				1,
				4.067,
				4.484,
				4.167,
				-1.231,
				4.267,
				-1.231,
				1,
				4.333,
				-1.231,
				4.4,
				1.753,
				4.467,
				1.753,
				1,
				4.478,
				1.753,
				4.489,
				1.695,
				4.5,
				1.695
			]
		},
		{
			"Target": "Parameter",
			"Id": "ParamBodyAngleX",
			"Segments": [
				0,
				0,
				1,
				0.667,
				0,
				1.333,
				0,
				2,
				0,
				1,
				2.089,
				0,
				2.178,
				0.46,
				2.267,
				0.46,
				1,
				2.4,
				0.46,
				2.533,
				0.2,
				2.667,
				0.2,
				1,
				2.811,
				0.2,
				2.956,
				0.256,
				3.1,
				0.256,
				1,
				3.244,
				0.256,
				3.389,
				0.245,
				3.533,
				0.245,
				1,
				3.678,
				0.245,
				3.822,
				0.248,
				3.967,
				0.248,
				1,
				4.1,
				0.248,
				4.233,
				0.247,
				4.367,
				0.247,
				1,
				4.378,
				0.247,
				4.389,
				0.247,
				4.4,
				0.247,
				1,
				4.433,
				0.247,
				4.467,
				0.247,
				4.5,
				0.247
			]
		},
		{
			"Target": "Parameter",
			"Id": "ParamBodyAngleY",
			"Segments": [
				0,
				0,
				1,
				0.544,
				0,
				1.089,
				0,
				1.633,
				0,
				1,
				1.767,
				0,
				1.9,
				-2.775,
				2.033,
				-2.775,
				1,
				2.167,
				-2.775,
				2.3,
				4.823,
				2.433,
				4.823,
				1,
				2.556,
				4.823,
				2.678,
				0.059,
				2.8,
				0.059,
				1,
				2.911,
				0.059,
				3.022,
				4.133,
				3.133,
				4.133,
				1,
				3.267,
				4.133,
				3.4,
				1.636,
				3.533,
				1.636,
				1,
				3.722,
				1.636,
				3.911,
				3.251,
				4.1,
				3.251,
				1,
				4.233,
				3.251,
				4.367,
				-0.241,
				4.5,
				-0.241
			]
		},
		{
			"Target": "Parameter",
			"Id": "ParamBodyAngleZ",
			"Segments": [
				0,
				0,
				1,
				0.156,
				0,
				0.311,
				0,
				0.467,
				0,
				1,
				0.611,
				0,
				0.756,
				-1.36,
				0.9,
				-1.36,
				1,
				1.011,
				-1.36,
				1.122,
				-1.04,
				1.233,
				-1.04,
				1,
				1.378,
				-1.04,
				1.522,
				-1.186,
				1.667,
				-1.186,
				1,
				1.911,
				-1.186,
				2.156,
				2.628,
				2.4,
				2.628,
				1,
				2.544,
				2.628,
				2.689,
				2.128,
				2.833,
				2.128,
				1,
				2.967,
				2.128,
				3.1,
				2.209,
				3.233,
				2.209,
				1,
				3.656,
				2.209,
				4.078,
				0,
				4.5,
				0
			]
		},
		{
			"Target": "Parameter",
			"Id": "Param6",
			"Segments": [
				0,
				-5.216,
				1,
				0.122,
				-5.216,
				0.244,
				-4.735,
				0.367,
				-4.735,
				1,
				0.522,
				-4.735,
				0.678,
				-8.723,
				0.833,
				-8.723,
				1,
				0.956,
				-8.723,
				1.078,
				-6.002,
				1.2,
				-6.002,
				1,
				1.322,
				-6.002,
				1.444,
				-8.088,
				1.567,
				-8.088,
				1,
				1.811,
				-8.088,
				2.056,
				1.94,
				2.3,
				1.94,
				1,
				2.422,
				1.94,
				2.544,
				-3.153,
				2.667,
				-3.153,
				1,
				2.8,
				-3.153,
				2.933,
				0.215,
				3.067,
				0.215,
				1,
				3.189,
				0.215,
				3.311,
				-1.964,
				3.433,
				-1.964,
				1,
				3.544,
				-1.964,
				3.656,
				-0.72,
				3.767,
				-0.72,
				1,
				4.011,
				-0.72,
				4.256,
				-6.134,
				4.5,
				-6.134
			]
		},
		{
			"Target": "Parameter",
			"Id": "Param7",
			"Segments": [
				0,
				-0.271,
				1,
				0.067,
				-0.271,
				0.133,
				0.306,
				0.2,
				0.306,
				1,
				0.267,
				0.306,
				0.333,
				0.07,
				0.4,
				0.07,
				1,
				0.489,
				0.07,
				0.578,
				1.069,
				0.667,
				1.069,
				1,
				0.778,
				1.069,
				0.889,
				-2.507,
				1,
				-2.507,
				1,
				1.122,
				-2.507,
				1.244,
				3.033,
				1.367,
				3.033,
				1,
				1.489,
				3.033,
				1.611,
				-2.94,
				1.733,
				-2.94,
				1,
				1.833,
				-2.94,
				1.933,
				0.615,
				2.033,
				0.615,
				1,
				2.089,
				0.615,
				2.144,
				-0.587,
				2.2,
				-0.587,
				1,
				2.3,
				-0.587,
				2.4,
				3.801,
				2.5,
				3.801,
				1,
				2.611,
				3.801,
				2.722,
				-4.887,
				2.833,
				-4.887,
				1,
				2.956,
				-4.887,
				3.078,
				4.706,
				3.2,
				4.706,
				1,
				3.322,
				4.706,
				3.444,
				-3.985,
				3.567,
				-3.985,
				1,
				3.689,
				-3.985,
				3.811,
				3.198,
				3.933,
				3.198,
				1,
				4.044,
				3.198,
				4.156,
				-2.023,
				4.267,
				-2.023,
				1,
				4.344,
				-2.023,
				4.422,
				1.65,
				4.5,
				1.65
			]
		},
		{
			"Target": "Parameter",
			"Id": "ParamBreath",
			"Segments": [
				0,
				0,
				1,
				0.356,
				0,
				0.711,
				0.468,
				1.067,
				0.468,
				1,
				1.467,
				0.468,
				1.867,
				0,
				2.267,
				0,
				1,
				2.589,
				0,
				2.911,
				0.326,
				3.233,
				0.43,
				1,
				3.656,
				0.568,
				4.078,
				0.569,
				4.5,
				0.569
			]
		},
		{
			"Target": "Parameter",
			"Id": "Param4",
			"Segments": [
				0,
				-2.098,
				1,
				0.144,
				-2.098,
				0.289,
				-1.907,
				0.433,
				-1.907,
				1,
				0.578,
				-1.907,
				0.722,
				-3.14,
				0.867,
				-3.14,
				1,
				1,
				-3.14,
				1.133,
				-2.304,
				1.267,
				-2.304,
				1,
				1.367,
				-2.304,
				1.467,
				-2.626,
				1.567,
				-2.626,
				1,
				1.644,
				-2.626,
				1.722,
				-1.991,
				1.8,
				-1.991,
				1,
				1.922,
				-1.991,
				2.044,
				-3.867,
				2.167,
				-3.867,
				1,
				2.289,
				-3.867,
				2.411,
				2.773,
				2.533,
				2.773,
				1,
				2.656,
				2.773,
				2.778,
				-5.12,
				2.9,
				-5.12,
				1,
				3.011,
				-5.12,
				3.122,
				1.999,
				3.233,
				1.999,
				1,
				3.367,
				1.999,
				3.5,
				-3.178,
				3.633,
				-3.178,
				1,
				3.756,
				-3.178,
				3.878,
				-0.053,
				4,
				-0.053,
				1,
				4.167,
				-0.053,
				4.333,
				-3.109,
				4.5,
				-3.109
			]
		},
		{
			"Target": "Parameter",
			"Id": "Param5",
			"Segments": [
				0,
				-0.057,
				1,
				0.011,
				-0.057,
				0.022,
				-0.058,
				0.033,
				-0.058,
				1,
				0.122,
				-0.058,
				0.211,
				-0.026,
				0.3,
				-0.026,
				1,
				0.322,
				-0.026,
				0.344,
				-0.028,
				0.367,
				-0.028,
				1,
				0.478,
				-0.028,
				0.589,
				0.385,
				0.7,
				0.385,
				1,
				0.822,
				0.385,
				0.944,
				-0.609,
				1.067,
				-0.609,
				1,
				1.2,
				-0.609,
				1.333,
				0.508,
				1.467,
				0.508,
				1,
				1.567,
				0.508,
				1.667,
				-0.543,
				1.767,
				-0.543,
				1,
				1.878,
				-0.543,
				1.989,
				0.979,
				2.1,
				0.979,
				1,
				2.2,
				0.979,
				2.3,
				-3.089,
				2.4,
				-3.089,
				1,
				2.522,
				-3.089,
				2.644,
				4.773,
				2.767,
				4.773,
				1,
				2.878,
				4.773,
				2.989,
				-5.702,
				3.1,
				-5.702,
				1,
				3.222,
				-5.702,
				3.344,
				5.014,
				3.467,
				5.014,
				1,
				3.589,
				5.014,
				3.711,
				-3.791,
				3.833,
				-3.791,
				1,
				3.956,
				-3.791,
				4.078,
				2.325,
				4.2,
				2.325,
				1,
				4.3,
				2.325,
				4.4,
				0.379,
				4.5,
				0.379
			]
		},
		{
			"Target": "Parameter",
			"Id": "Param_Angle_Rotation_1_m_h",
			"Segments": [
				0,
				-0.106,
				1,
				0.011,
				-0.106,
				0.022,
				-0.106,
				0.033,
				-0.106,
				1,
				0.156,
				-0.106,
				0.278,
				-0.096,
				0.4,
				-0.096,
				1,
				0.567,
				-0.096,
				0.733,
				-0.189,
				0.9,
				-0.189,
				1,
				1.089,
				-0.189,
				1.278,
				-0.11,
				1.467,
				-0.11,
				1,
				1.633,
				-0.11,
				1.8,
				-0.203,
				1.967,
				-0.203,
				1,
				2.133,
				-0.203,
				2.3,
				0.204,
				2.467,
				0.204,
				1,
				2.611,
				0.204,
				2.756,
				-0.073,
				2.9,
				-0.073,
				1,
				3.056,
				-0.073,
				3.211,
				0.068,
				3.367,
				0.068,
				1,
				3.522,
				0.068,
				3.678,
				0.009,
				3.833,
				0.009,
				1,
				3.944,
				0.009,
				4.056,
				0.035,
				4.167,
				0.035,
				1,
				4.278,
				0.035,
				4.389,
				-0.127,
				4.5,
				-0.127
			]
		},
		{
			"Target": "Parameter",
			"Id": "Param_Angle_Rotation_2_m_h",
			"Segments": [
				0,
				-0.003,
				1,
				0.1,
				-0.003,
				0.2,
				-0.007,
				0.3,
				-0.007,
				1,
				0.444,
				-0.007,
				0.589,
				0.044,
				0.733,
				0.044,
				1,
				0.889,
				0.044,
				1.044,
				-0.057,
				1.2,
				-0.057,
				1,
				1.378,
				-0.057,
				1.556,
				0.052,
				1.733,
				0.052,
				1,
				1.922,
				0.052,
				2.111,
				-0.211,
				2.3,
				-0.211,
				1,
				2.444,
				-0.211,
				2.589,
				0.262,
				2.733,
				0.262,
				1,
				2.878,
				0.262,
				3.022,
				-0.214,
				3.167,
				-0.214,
				1,
				3.311,
				-0.214,
				3.456,
				0.134,
				3.6,
				0.134,
				1,
				3.756,
				0.134,
				3.911,
				-0.081,
				4.067,
				-0.081,
				1,
				4.211,
				-0.081,
				4.356,
				0.143,
				4.5,
				0.143
			]
		},
		{
			"Target": "Parameter",
			"Id": "Param_Angle_Rotation_3_m_h",
			"Segments": [
				0,
				-0.007,
				1,
				0.067,
				-0.007,
				0.133,
				-0.039,
				0.2,
				-0.039,
				1,
				0.433,
				-0.039,
				0.667,
				0.139,
				0.9,
				0.139,
				1,
				1.056,
				0.139,
				1.211,
				-0.235,
				1.367,
				-0.235,
				1,
				1.533,
				-0.235,
				1.7,
				0.26,
				1.867,
				0.26,
				1,
				2.056,
				0.26,
				2.244,
				-0.697,
				2.433,
				-0.697,
				1,
				2.589,
				-0.697,
				2.744,
				1.069,
				2.9,
				1.069,
				1,
				3.056,
				1.069,
				3.211,
				-1.057,
				3.367,
				-1.057,
				1,
				3.511,
				-1.057,
				3.656,
				0.822,
				3.8,
				0.822,
				1,
				3.956,
				0.822,
				4.111,
				-0.574,
				4.267,
				-0.574,
				1,
				4.344,
				-0.574,
				4.422,
				0.106,
				4.5,
				0.106
			]
		},
		{
			"Target": "Parameter",
			"Id": "Param_Angle_Rotation_4_m_h",
			"Segments": [
				0,
				0.063,
				1,
				0.089,
				0.063,
				0.178,
				-0.153,
				0.267,
				-0.153,
				1,
				0.511,
				-0.153,
				0.756,
				0.169,
				1,
				0.169,
				1,
				1.167,
				0.169,
				1.333,
				-0.381,
				1.5,
				-0.381,
				1,
				1.667,
				-0.381,
				1.833,
				0.512,
				2,
				0.512,
				1,
				2.178,
				0.512,
				2.356,
				-1.031,
				2.533,
				-1.031,
				1,
				2.7,
				-1.031,
				2.867,
				1.793,
				3.033,
				1.793,
				1,
				3.189,
				1.793,
				3.344,
				-2.098,
				3.5,
				-2.098,
				1,
				3.656,
				-2.098,
				3.811,
				1.908,
				3.967,
				1.908,
				1,
				4.111,
				1.908,
				4.256,
				-1.5,
				4.4,
				-1.5,
				1,
				4.433,
				-1.5,
				4.467,
				-1.192,
				4.5,
				-1.192
			]
		},
		{
			"Target": "Parameter",
			"Id": "Param_Angle_Rotation_5_m_h",
			"Segments": [
				0,
				0.443,
				1,
				0.111,
				0.443,
				0.222,
				-0.441,
				0.333,
				-0.441,
				1,
				0.5,
				-0.441,
				0.667,
				0.245,
				0.833,
				0.245,
				1,
				1.1,
				0.245,
				1.367,
				-0.534,
				1.633,
				-0.534,
				1,
				1.789,
				-0.534,
				1.944,
				0.863,
				2.1,
				0.863,
				1,
				2.278,
				0.863,
				2.456,
				-1.534,
				2.633,
				-1.534,
				1,
				2.8,
				-1.534,
				2.967,
				2.665,
				3.133,
				2.665,
				1,
				3.289,
				2.665,
				3.444,
				-3.449,
				3.6,
				-3.449,
				1,
				3.756,
				-3.449,
				3.911,
				3.486,
				4.067,
				3.486,
				1,
				4.211,
				3.486,
				4.356,
				-2.932,
				4.5,
				-2.932
			]
		},
		{
			"Target": "Parameter",
			"Id": "Param_Angle_Rotation_6_m_h",
			"Segments": [
				0,
				1.246,
				1,
				0.144,
				1.246,
				0.289,
				-0.766,
				0.433,
				-0.766,
				1,
				0.6,
				-0.766,
				0.767,
				0.498,
				0.933,
				0.498,
				1,
				1.2,
				0.498,
				1.467,
				-0.777,
				1.733,
				-0.777,
				1,
				1.889,
				-0.777,
				2.044,
				1.282,
				2.2,
				1.282,
				1,
				2.367,
				1.282,
				2.533,
				-2.27,
				2.7,
				-2.27,
				1,
				2.878,
				-2.27,
				3.056,
				3.341,
				3.233,
				3.341,
				1,
				3.389,
				3.341,
				3.544,
				-4.164,
				3.7,
				-4.164,
				1,
				3.867,
				-4.164,
				4.033,
				4.327,
				4.2,
				4.327,
				1,
				4.3,
				4.327,
				4.4,
				-1.437,
				4.5,
				-1.437
			]
		},
		{
			"Target": "Parameter",
			"Id": "Param_Angle_Rotation_7_m_h",
			"Segments": [
				0,
				1.349,
				1,
				0.022,
				1.349,
				0.044,
				1.475,
				0.067,
				1.475,
				1,
				0.211,
				1.475,
				0.356,
				-0.952,
				0.5,
				-0.952,
				1,
				0.656,
				-0.952,
				0.811,
				0.567,
				0.967,
				0.567,
				1,
				1.267,
				0.567,
				1.567,
				-0.678,
				1.867,
				-0.678,
				1,
				2.011,
				-0.678,
				2.156,
				1.29,
				2.3,
				1.29,
				1,
				2.456,
				1.29,
				2.611,
				-2.054,
				2.767,
				-2.054,
				1,
				2.944,
				-2.054,
				3.122,
				2.819,
				3.3,
				2.819,
				1,
				3.456,
				2.819,
				3.611,
				-3.579,
				3.767,
				-3.579,
				1,
				3.933,
				-3.579,
				4.1,
				3.804,
				4.267,
				3.804,
				1,
				4.344,
				3.804,
				4.422,
				0.05,
				4.5,
				0.05
			]
		},
		{
			"Target": "Parameter",
			"Id": "Param_Angle_Rotation_8_m_h",
			"Segments": [
				0,
				0.995,
				1,
				0.056,
				0.995,
				0.111,
				2.391,
				0.167,
				2.391,
				1,
				0.311,
				2.391,
				0.456,
				-1.641,
				0.6,
				-1.641,
				1,
				0.756,
				-1.641,
				0.911,
				1.06,
				1.067,
				1.06,
				1,
				1.356,
				1.06,
				1.644,
				-1.061,
				1.933,
				-1.061,
				1,
				2.089,
				-1.061,
				2.244,
				1.919,
				2.4,
				1.919,
				1,
				2.544,
				1.919,
				2.689,
				-2.938,
				2.833,
				-2.938,
				1,
				3,
				-2.938,
				3.167,
				3.517,
				3.333,
				3.517,
				1,
				3.5,
				3.517,
				3.667,
				-4.186,
				3.833,
				-4.186,
				1,
				3.989,
				-4.186,
				4.144,
				4.307,
				4.3,
				4.307,
				1,
				4.367,
				4.307,
				4.433,
				1.34,
				4.5,
				1.34
			]
		},
		{
			"Target": "Parameter",
			"Id": "Param_Angle_Rotation_9_m_h",
			"Segments": [
				0,
				-0.408,
				1,
				0.078,
				-0.408,
				0.156,
				2.777,
				0.233,
				2.777,
				1,
				0.389,
				2.777,
				0.544,
				-2.06,
				0.7,
				-2.06,
				1,
				0.856,
				-2.06,
				1.011,
				1.364,
				1.167,
				1.364,
				1,
				1.456,
				1.364,
				1.744,
				-1.191,
				2.033,
				-1.191,
				1,
				2.178,
				-1.191,
				2.322,
				2.205,
				2.467,
				2.205,
				1,
				2.611,
				2.205,
				2.756,
				-2.975,
				2.9,
				-2.975,
				1,
				3.067,
				-2.975,
				3.233,
				3.21,
				3.4,
				3.21,
				1,
				3.556,
				3.21,
				3.711,
				-3.689,
				3.867,
				-3.689,
				1,
				4.033,
				-3.689,
				4.2,
				3.815,
				4.367,
				3.815,
				1,
				4.411,
				3.815,
				4.456,
				1.871,
				4.5,
				1.871
			]
		},
		{
			"Target": "Parameter",
			"Id": "Param_Angle_Rotation_1_l_m_h",
			"Segments": [
				0,
				-0.106,
				1,
				0.011,
				-0.106,
				0.022,
				-0.106,
				0.033,
				-0.106,
				1,
				0.156,
				-0.106,
				0.278,
				-0.096,
				0.4,
				-0.096,
				1,
				0.567,
				-0.096,
				0.733,
				-0.189,
				0.9,
				-0.189,
				1,
				1.089,
				-0.189,
				1.278,
				-0.11,
				1.467,
				-0.11,
				1,
				1.633,
				-0.11,
				1.8,
				-0.203,
				1.967,
				-0.203,
				1,
				2.133,
				-0.203,
				2.3,
				0.204,
				2.467,
				0.204,
				1,
				2.611,
				0.204,
				2.756,
				-0.073,
				2.9,
				-0.073,
				1,
				3.056,
				-0.073,
				3.211,
				0.068,
				3.367,
				0.068,
				1,
				3.522,
				0.068,
				3.678,
				0.009,
				3.833,
				0.009,
				1,
				3.944,
				0.009,
				4.056,
				0.035,
				4.167,
				0.035,
				1,
				4.278,
				0.035,
				4.389,
				-0.127,
				4.5,
				-0.127
			]
		},
		{
			"Target": "Parameter",
			"Id": "Param_Angle_Rotation_2_l_m_h",
			"Segments": [
				0,
				-0.106,
				1,
				0.011,
				-0.106,
				0.022,
				-0.106,
				0.033,
				-0.106,
				1,
				0.156,
				-0.106,
				0.278,
				-0.096,
				0.4,
				-0.096,
				1,
				0.567,
				-0.096,
				0.733,
				-0.189,
				0.9,
				-0.189,
				1,
				1.089,
				-0.189,
				1.278,
				-0.11,
				1.467,
				-0.11,
				1,
				1.633,
				-0.11,
				1.8,
				-0.203,
				1.967,
				-0.203,
				1,
				2.133,
				-0.203,
				2.3,
				0.204,
				2.467,
				0.204,
				1,
				2.611,
				0.204,
				2.756,
				-0.073,
				2.9,
				-0.073,
				1,
				3.056,
				-0.073,
				3.211,
				0.068,
				3.367,
				0.068,
				1,
				3.522,
				0.068,
				3.678,
				0.009,
				3.833,
				0.009,
				1,
				3.944,
				0.009,
				4.056,
				0.035,
				4.167,
				0.035,
				1,
				4.278,
				0.035,
				4.389,
				-0.127,
				4.5,
				-0.127
			]
		},
		{
			"Target": "Parameter",
			"Id": "Param_Angle_Rotation_3_l_m_h",
			"Segments": [
				0,
				-0.003,
				1,
				0.1,
				-0.003,
				0.2,
				-0.007,
				0.3,
				-0.007,
				1,
				0.444,
				-0.007,
				0.589,
				0.044,
				0.733,
				0.044,
				1,
				0.889,
				0.044,
				1.044,
				-0.057,
				1.2,
				-0.057,
				1,
				1.378,
				-0.057,
				1.556,
				0.052,
				1.733,
				0.052,
				1,
				1.922,
				0.052,
				2.111,
				-0.211,
				2.3,
				-0.211,
				1,
				2.444,
				-0.211,
				2.589,
				0.262,
				2.733,
				0.262,
				1,
				2.878,
				0.262,
				3.022,
				-0.214,
				3.167,
				-0.214,
				1,
				3.311,
				-0.214,
				3.456,
				0.134,
				3.6,
				0.134,
				1,
				3.756,
				0.134,
				3.911,
				-0.081,
				4.067,
				-0.081,
				1,
				4.211,
				-0.081,
				4.356,
				0.143,
				4.5,
				0.143
			]
		},
		{
			"Target": "Parameter",
			"Id": "Param_Angle_Rotation_4_l_m_h",
			"Segments": [
				0,
				-0.007,
				1,
				0.067,
				-0.007,
				0.133,
				-0.039,
				0.2,
				-0.039,
				1,
				0.433,
				-0.039,
				0.667,
				0.139,
				0.9,
				0.139,
				1,
				1.056,
				0.139,
				1.211,
				-0.235,
				1.367,
				-0.235,
				1,
				1.533,
				-0.235,
				1.7,
				0.26,
				1.867,
				0.26,
				1,
				2.056,
				0.26,
				2.244,
				-0.697,
				2.433,
				-0.697,
				1,
				2.589,
				-0.697,
				2.744,
				1.069,
				2.9,
				1.069,
				1,
				3.056,
				1.069,
				3.211,
				-1.057,
				3.367,
				-1.057,
				1,
				3.511,
				-1.057,
				3.656,
				0.822,
				3.8,
				0.822,
				1,
				3.956,
				0.822,
				4.111,
				-0.574,
				4.267,
				-0.574,
				1,
				4.344,
				-0.574,
				4.422,
				0.106,
				4.5,
				0.106
			]
		},
		{
			"Target": "Parameter",
			"Id": "Param_Angle_Rotation_5_l_m_h",
			"Segments": [
				0,
				0.063,
				1,
				0.089,
				0.063,
				0.178,
				-0.153,
				0.267,
				-0.153,
				1,
				0.511,
				-0.153,
				0.756,
				0.169,
				1,
				0.169,
				1,
				1.167,
				0.169,
				1.333,
				-0.381,
				1.5,
				-0.381,
				1,
				1.667,
				-0.381,
				1.833,
				0.512,
				2,
				0.512,
				1,
				2.178,
				0.512,
				2.356,
				-1.031,
				2.533,
				-1.031,
				1,
				2.7,
				-1.031,
				2.867,
				1.793,
				3.033,
				1.793,
				1,
				3.189,
				1.793,
				3.344,
				-2.098,
				3.5,
				-2.098,
				1,
				3.656,
				-2.098,
				3.811,
				1.908,
				3.967,
				1.908,
				1,
				4.111,
				1.908,
				4.256,
				-1.5,
				4.4,
				-1.5,
				1,
				4.433,
				-1.5,
				4.467,
				-1.192,
				4.5,
				-1.192
			]
		},
		{
			"Target": "Parameter",
			"Id": "Param_Angle_Rotation_6_l_m_h",
			"Segments": [
				0,
				0.443,
				1,
				0.111,
				0.443,
				0.222,
				-0.441,
				0.333,
				-0.441,
				1,
				0.5,
				-0.441,
				0.667,
				0.245,
				0.833,
				0.245,
				1,
				1.1,
				0.245,
				1.367,
				-0.534,
				1.633,
				-0.534,
				1,
				1.789,
				-0.534,
				1.944,
				0.863,
				2.1,
				0.863,
				1,
				2.278,
				0.863,
				2.456,
				-1.534,
				2.633,
				-1.534,
				1,
				2.8,
				-1.534,
				2.967,
				2.665,
				3.133,
				2.665,
				1,
				3.289,
				2.665,
				3.444,
				-3.449,
				3.6,
				-3.449,
				1,
				3.756,
				-3.449,
				3.911,
				3.486,
				4.067,
				3.486,
				1,
				4.211,
				3.486,
				4.356,
				-2.932,
				4.5,
				-2.932
			]
		},
		{
			"Target": "Parameter",
			"Id": "Param_Angle_Rotation_7_l_m_h",
			"Segments": [
				0,
				1.246,
				1,
				0.144,
				1.246,
				0.289,
				-0.766,
				0.433,
				-0.766,
				1,
				0.6,
				-0.766,
				0.767,
				0.498,
				0.933,
				0.498,
				1,
				1.2,
				0.498,
				1.467,
				-0.777,
				1.733,
				-0.777,
				1,
				1.889,
				-0.777,
				2.044,
				1.282,
				2.2,
				1.282,
				1,
				2.367,
				1.282,
				2.533,
				-2.27,
				2.7,
				-2.27,
				1,
				2.878,
				-2.27,
				3.056,
				3.341,
				3.233,
				3.341,
				1,
				3.389,
				3.341,
				3.544,
				-4.164,
				3.7,
				-4.164,
				1,
				3.867,
				-4.164,
				4.033,
				4.327,
				4.2,
				4.327,
				1,
				4.3,
				4.327,
				4.4,
				-1.437,
				4.5,
				-1.437
			]
		},
		{
			"Target": "Parameter",
			"Id": "Param_Angle_Rotation_8_l_m_h",
			"Segments": [
				0,
				1.619,
				1,
				0.022,
				1.619,
				0.044,
				1.77,
				0.067,
				1.77,
				1,
				0.211,
				1.77,
				0.356,
				-1.143,
				0.5,
				-1.143,
				1,
				0.656,
				-1.143,
				0.811,
				0.681,
				0.967,
				0.681,
				1,
				1.267,
				0.681,
				1.567,
				-0.814,
				1.867,
				-0.814,
				1,
				2.011,
				-0.814,
				2.156,
				1.548,
				2.3,
				1.548,
				1,
				2.456,
				1.548,
				2.611,
				-2.465,
				2.767,
				-2.465,
				1,
				2.944,
				-2.465,
				3.122,
				3.383,
				3.3,
				3.383,
				1,
				3.456,
				3.383,
				3.611,
				-4.295,
				3.767,
				-4.295,
				1,
				3.933,
				-4.295,
				4.1,
				4.565,
				4.267,
				4.565,
				1,
				4.344,
				4.565,
				4.422,
				0.06,
				4.5,
				0.06
			]
		},
		{
			"Target": "Parameter",
			"Id": "Param_Angle_Rotation_9_l_m_h",
			"Segments": [
				0,
				0.995,
				1,
				0.056,
				0.995,
				0.111,
				2.391,
				0.167,
				2.391,
				1,
				0.311,
				2.391,
				0.456,
				-1.641,
				0.6,
				-1.641,
				1,
				0.756,
				-1.641,
				0.911,
				1.06,
				1.067,
				1.06,
				1,
				1.356,
				1.06,
				1.644,
				-1.061,
				1.933,
				-1.061,
				1,
				2.089,
				-1.061,
				2.244,
				1.919,
				2.4,
				1.919,
				1,
				2.544,
				1.919,
				2.689,
				-2.938,
				2.833,
				-2.938,
				1,
				3,
				-2.938,
				3.167,
				3.517,
				3.333,
				3.517,
				1,
				3.5,
				3.517,
				3.667,
				-4.186,
				3.833,
				-4.186,
				1,
				3.989,
				-4.186,
				4.144,
				4.307,
				4.3,
				4.307,
				1,
				4.367,
				4.307,
				4.433,
				1.34,
				4.5,
				1.34
			]
		},
		{
			"Target": "Parameter",
			"Id": "Param_Angle_Rotation_1_r_r_h",
			"Segments": [
				0,
				-0.106,
				1,
				0.011,
				-0.106,
				0.022,
				-0.106,
				0.033,
				-0.106,
				1,
				0.156,
				-0.106,
				0.278,
				-0.096,
				0.4,
				-0.096,
				1,
				0.567,
				-0.096,
				0.733,
				-0.189,
				0.9,
				-0.189,
				1,
				1.089,
				-0.189,
				1.278,
				-0.11,
				1.467,
				-0.11,
				1,
				1.633,
				-0.11,
				1.8,
				-0.203,
				1.967,
				-0.203,
				1,
				2.133,
				-0.203,
				2.3,
				0.204,
				2.467,
				0.204,
				1,
				2.611,
				0.204,
				2.756,
				-0.073,
				2.9,
				-0.073,
				1,
				3.056,
				-0.073,
				3.211,
				0.068,
				3.367,
				0.068,
				1,
				3.522,
				0.068,
				3.678,
				0.009,
				3.833,
				0.009,
				1,
				3.944,
				0.009,
				4.056,
				0.035,
				4.167,
				0.035,
				1,
				4.278,
				0.035,
				4.389,
				-0.127,
				4.5,
				-0.127
			]
		},
		{
			"Target": "Parameter",
			"Id": "Param_Angle_Rotation_2_r_r_h",
			"Segments": [
				0,
				-0.106,
				1,
				0.011,
				-0.106,
				0.022,
				-0.106,
				0.033,
				-0.106,
				1,
				0.156,
				-0.106,
				0.278,
				-0.096,
				0.4,
				-0.096,
				1,
				0.567,
				-0.096,
				0.733,
				-0.189,
				0.9,
				-0.189,
				1,
				1.089,
				-0.189,
				1.278,
				-0.11,
				1.467,
				-0.11,
				1,
				1.633,
				-0.11,
				1.8,
				-0.203,
				1.967,
				-0.203,
				1,
				2.133,
				-0.203,
				2.3,
				0.204,
				2.467,
				0.204,
				1,
				2.611,
				0.204,
				2.756,
				-0.073,
				2.9,
				-0.073,
				1,
				3.056,
				-0.073,
				3.211,
				0.068,
				3.367,
				0.068,
				1,
				3.522,
				0.068,
				3.678,
				0.009,
				3.833,
				0.009,
				1,
				3.944,
				0.009,
				4.056,
				0.035,
				4.167,
				0.035,
				1,
				4.278,
				0.035,
				4.389,
				-0.127,
				4.5,
				-0.127
			]
		},
		{
			"Target": "Parameter",
			"Id": "Param_Angle_Rotation_3_r_r_h",
			"Segments": [
				0,
				-0.212,
				1,
				0.011,
				-0.212,
				0.022,
				-0.212,
				0.033,
				-0.212,
				1,
				0.156,
				-0.212,
				0.278,
				-0.192,
				0.4,
				-0.192,
				1,
				0.567,
				-0.192,
				0.733,
				-0.377,
				0.9,
				-0.377,
				1,
				1.089,
				-0.377,
				1.278,
				-0.219,
				1.467,
				-0.219,
				1,
				1.633,
				-0.219,
				1.8,
				-0.406,
				1.967,
				-0.406,
				1,
				2.133,
				-0.406,
				2.3,
				0.407,
				2.467,
				0.407,
				1,
				2.611,
				0.407,
				2.756,
				-0.146,
				2.9,
				-0.146,
				1,
				3.056,
				-0.146,
				3.211,
				0.135,
				3.367,
				0.135,
				1,
				3.522,
				0.135,
				3.678,
				0.018,
				3.833,
				0.018,
				1,
				3.944,
				0.018,
				4.056,
				0.07,
				4.167,
				0.07,
				1,
				4.278,
				0.07,
				4.389,
				-0.253,
				4.5,
				-0.253
			]
		},
		{
			"Target": "Parameter",
			"Id": "Param_Angle_Rotation_4_r_r_h",
			"Segments": [
				0,
				-0.008,
				1,
				0.1,
				-0.008,
				0.2,
				-0.02,
				0.3,
				-0.02,
				1,
				0.444,
				-0.02,
				0.589,
				0.133,
				0.733,
				0.133,
				1,
				0.889,
				0.133,
				1.044,
				-0.172,
				1.2,
				-0.172,
				1,
				1.378,
				-0.172,
				1.556,
				0.157,
				1.733,
				0.157,
				1,
				1.922,
				0.157,
				2.111,
				-0.633,
				2.3,
				-0.633,
				1,
				2.444,
				-0.633,
				2.589,
				0.787,
				2.733,
				0.787,
				1,
				2.878,
				0.787,
				3.022,
				-0.643,
				3.167,
				-0.643,
				1,
				3.311,
				-0.643,
				3.456,
				0.403,
				3.6,
				0.403,
				1,
				3.756,
				0.403,
				3.911,
				-0.244,
				4.067,
				-0.244,
				1,
				4.211,
				-0.244,
				4.356,
				0.428,
				4.5,
				0.428
			]
		},
		{
			"Target": "Parameter",
			"Id": "Param_Angle_Rotation_5_r_r_h",
			"Segments": [
				0,
				-0.01,
				1,
				0.067,
				-0.01,
				0.133,
				-0.052,
				0.2,
				-0.052,
				1,
				0.433,
				-0.052,
				0.667,
				0.186,
				0.9,
				0.186,
				1,
				1.056,
				0.186,
				1.211,
				-0.313,
				1.367,
				-0.313,
				1,
				1.533,
				-0.313,
				1.7,
				0.346,
				1.867,
				0.346,
				1,
				2.056,
				0.346,
				2.244,
				-0.93,
				2.433,
				-0.93,
				1,
				2.589,
				-0.93,
				2.744,
				1.425,
				2.9,
				1.425,
				1,
				3.056,
				1.425,
				3.211,
				-1.41,
				3.367,
				-1.41,
				1,
				3.511,
				-1.41,
				3.656,
				1.096,
				3.8,
				1.096,
				1,
				3.956,
				1.096,
				4.111,
				-0.765,
				4.267,
				-0.765,
				1,
				4.344,
				-0.765,
				4.422,
				0.141,
				4.5,
				0.141
			]
		},
		{
			"Target": "Parameter",
			"Id": "Param_Angle_Rotation_6_r_r_h",
			"Segments": [
				0,
				0.079,
				1,
				0.089,
				0.079,
				0.178,
				-0.191,
				0.267,
				-0.191,
				1,
				0.511,
				-0.191,
				0.756,
				0.211,
				1,
				0.211,
				1,
				1.167,
				0.211,
				1.333,
				-0.476,
				1.5,
				-0.476,
				1,
				1.667,
				-0.476,
				1.833,
				0.64,
				2,
				0.64,
				1,
				2.178,
				0.64,
				2.356,
				-1.289,
				2.533,
				-1.289,
				1,
				2.7,
				-1.289,
				2.867,
				2.241,
				3.033,
				2.241,
				1,
				3.189,
				2.241,
				3.344,
				-2.622,
				3.5,
				-2.622,
				1,
				3.656,
				-2.622,
				3.811,
				2.385,
				3.967,
				2.385,
				1,
				4.111,
				2.385,
				4.256,
				-1.875,
				4.4,
				-1.875,
				1,
				4.433,
				-1.875,
				4.467,
				-1.489,
				4.5,
				-1.489
			]
		},
		{
			"Target": "Parameter",
			"Id": "Param_Angle_Rotation_7_r_r_h",
			"Segments": [
				0,
				0.443,
				1,
				0.111,
				0.443,
				0.222,
				-0.441,
				0.333,
				-0.441,
				1,
				0.5,
				-0.441,
				0.667,
				0.245,
				0.833,
				0.245,
				1,
				1.1,
				0.245,
				1.367,
				-0.534,
				1.633,
				-0.534,
				1,
				1.789,
				-0.534,
				1.944,
				0.863,
				2.1,
				0.863,
				1,
				2.278,
				0.863,
				2.456,
				-1.534,
				2.633,
				-1.534,
				1,
				2.8,
				-1.534,
				2.967,
				2.665,
				3.133,
				2.665,
				1,
				3.289,
				2.665,
				3.444,
				-3.449,
				3.6,
				-3.449,
				1,
				3.756,
				-3.449,
				3.911,
				3.486,
				4.067,
				3.486,
				1,
				4.211,
				3.486,
				4.356,
				-2.932,
				4.5,
				-2.932
			]
		},
		{
			"Target": "Parameter",
			"Id": "Param_Angle_Rotation_8_r_r_h",
			"Segments": [
				0,
				1.246,
				1,
				0.144,
				1.246,
				0.289,
				-0.766,
				0.433,
				-0.766,
				1,
				0.6,
				-0.766,
				0.767,
				0.498,
				0.933,
				0.498,
				1,
				1.2,
				0.498,
				1.467,
				-0.777,
				1.733,
				-0.777,
				1,
				1.889,
				-0.777,
				2.044,
				1.282,
				2.2,
				1.282,
				1,
				2.367,
				1.282,
				2.533,
				-2.27,
				2.7,
				-2.27,
				1,
				2.878,
				-2.27,
				3.056,
				3.341,
				3.233,
				3.341,
				1,
				3.389,
				3.341,
				3.544,
				-4.164,
				3.7,
				-4.164,
				1,
				3.867,
				-4.164,
				4.033,
				4.327,
				4.2,
				4.327,
				1,
				4.3,
				4.327,
				4.4,
				-1.437,
				4.5,
				-1.437
			]
		},
		{
			"Target": "Parameter",
			"Id": "Param_Angle_Rotation_9_r_r_h",
			"Segments": [
				0,
				1.619,
				1,
				0.022,
				1.619,
				0.044,
				1.77,
				0.067,
				1.77,
				1,
				0.211,
				1.77,
				0.356,
				-1.143,
				0.5,
				-1.143,
				1,
				0.656,
				-1.143,
				0.811,
				0.681,
				0.967,
				0.681,
				1,
				1.267,
				0.681,
				1.567,
				-0.814,
				1.867,
				-0.814,
				1,
				2.011,
				-0.814,
				2.156,
				1.548,
				2.3,
				1.548,
				1,
				2.456,
				1.548,
				2.611,
				-2.465,
				2.767,
				-2.465,
				1,
				2.944,
				-2.465,
				3.122,
				3.383,
				3.3,
				3.383,
				1,
				3.456,
				3.383,
				3.611,
				-4.295,
				3.767,
				-4.295,
				1,
				3.933,
				-4.295,
				4.1,
				4.565,
				4.267,
				4.565,
				1,
				4.344,
				4.565,
				4.422,
				0.06,
				4.5,
				0.06
			]
		},
		{
			"Target": "Parameter",
			"Id": "Param_Angle_Rotation_10_r_r_h",
			"Segments": [
				0,
				0.995,
				1,
				0.056,
				0.995,
				0.111,
				2.391,
				0.167,
				2.391,
				1,
				0.311,
				2.391,
				0.456,
				-1.641,
				0.6,
				-1.641,
				1,
				0.756,
				-1.641,
				0.911,
				1.06,
				1.067,
				1.06,
				1,
				1.356,
				1.06,
				1.644,
				-1.061,
				1.933,
				-1.061,
				1,
				2.089,
				-1.061,
				2.244,
				1.919,
				2.4,
				1.919,
				1,
				2.544,
				1.919,
				2.689,
				-2.938,
				2.833,
				-2.938,
				1,
				3,
				-2.938,
				3.167,
				3.517,
				3.333,
				3.517,
				1,
				3.5,
				3.517,
				3.667,
				-4.186,
				3.833,
				-4.186,
				1,
				3.989,
				-4.186,
				4.144,
				4.307,
				4.3,
				4.307,
				1,
				4.367,
				4.307,
				4.433,
				1.34,
				4.5,
				1.34
			]
		},
		{
			"Target": "Parameter",
			"Id": "Param_Angle_Rotation_11_r_r_h",
			"Segments": [
				0,
				-0.408,
				1,
				0.078,
				-0.408,
				0.156,
				2.777,
				0.233,
				2.777,
				1,
				0.389,
				2.777,
				0.544,
				-2.06,
				0.7,
				-2.06,
				1,
				0.856,
				-2.06,
				1.011,
				1.364,
				1.167,
				1.364,
				1,
				1.456,
				1.364,
				1.744,
				-1.191,
				2.033,
				-1.191,
				1,
				2.178,
				-1.191,
				2.322,
				2.205,
				2.467,
				2.205,
				1,
				2.611,
				2.205,
				2.756,
				-2.975,
				2.9,
				-2.975,
				1,
				3.067,
				-2.975,
				3.233,
				3.21,
				3.4,
				3.21,
				1,
				3.556,
				3.21,
				3.711,
				-3.689,
				3.867,
				-3.689,
				1,
				4.033,
				-3.689,
				4.2,
				3.815,
				4.367,
				3.815,
				1,
				4.411,
				3.815,
				4.456,
				1.871,
				4.5,
				1.871
			]
		},
		{
			"Target": "Parameter",
			"Id": "Param_Angle_Rotation_1_l_l_h",
			"Segments": [
				0,
				-0.106,
				1,
				0.011,
				-0.106,
				0.022,
				-0.106,
				0.033,
				-0.106,
				1,
				0.156,
				-0.106,
				0.278,
				-0.096,
				0.4,
				-0.096,
				1,
				0.567,
				-0.096,
				0.733,
				-0.189,
				0.9,
				-0.189,
				1,
				1.089,
				-0.189,
				1.278,
				-0.11,
				1.467,
				-0.11,
				1,
				1.633,
				-0.11,
				1.8,
				-0.203,
				1.967,
				-0.203,
				1,
				2.133,
				-0.203,
				2.3,
				0.204,
				2.467,
				0.204,
				1,
				2.611,
				0.204,
				2.756,
				-0.073,
				2.9,
				-0.073,
				1,
				3.056,
				-0.073,
				3.211,
				0.068,
				3.367,
				0.068,
				1,
				3.522,
				0.068,
				3.678,
				0.009,
				3.833,
				0.009,
				1,
				3.944,
				0.009,
				4.056,
				0.035,
				4.167,
				0.035,
				1,
				4.278,
				0.035,
				4.389,
				-0.127,
				4.5,
				-0.127
			]
		},
		{
			"Target": "Parameter",
			"Id": "Param_Angle_Rotation_2_l_l_h",
			"Segments": [
				0,
				-0.106,
				1,
				0.011,
				-0.106,
				0.022,
				-0.106,
				0.033,
				-0.106,
				1,
				0.156,
				-0.106,
				0.278,
				-0.096,
				0.4,
				-0.096,
				1,
				0.567,
				-0.096,
				0.733,
				-0.189,
				0.9,
				-0.189,
				1,
				1.089,
				-0.189,
				1.278,
				-0.11,
				1.467,
				-0.11,
				1,
				1.633,
				-0.11,
				1.8,
				-0.203,
				1.967,
				-0.203,
				1,
				2.133,
				-0.203,
				2.3,
				0.204,
				2.467,
				0.204,
				1,
				2.611,
				0.204,
				2.756,
				-0.073,
				2.9,
				-0.073,
				1,
				3.056,
				-0.073,
				3.211,
				0.068,
				3.367,
				0.068,
				1,
				3.522,
				0.068,
				3.678,
				0.009,
				3.833,
				0.009,
				1,
				3.944,
				0.009,
				4.056,
				0.035,
				4.167,
				0.035,
				1,
				4.278,
				0.035,
				4.389,
				-0.127,
				4.5,
				-0.127
			]
		},
		{
			"Target": "Parameter",
			"Id": "Param_Angle_Rotation_3_l_l_h",
			"Segments": [
				0,
				-0.003,
				1,
				0.1,
				-0.003,
				0.2,
				-0.007,
				0.3,
				-0.007,
				1,
				0.444,
				-0.007,
				0.589,
				0.044,
				0.733,
				0.044,
				1,
				0.889,
				0.044,
				1.044,
				-0.057,
				1.2,
				-0.057,
				1,
				1.378,
				-0.057,
				1.556,
				0.052,
				1.733,
				0.052,
				1,
				1.922,
				0.052,
				2.111,
				-0.211,
				2.3,
				-0.211,
				1,
				2.444,
				-0.211,
				2.589,
				0.262,
				2.733,
				0.262,
				1,
				2.878,
				0.262,
				3.022,
				-0.214,
				3.167,
				-0.214,
				1,
				3.311,
				-0.214,
				3.456,
				0.134,
				3.6,
				0.134,
				1,
				3.756,
				0.134,
				3.911,
				-0.081,
				4.067,
				-0.081,
				1,
				4.211,
				-0.081,
				4.356,
				0.143,
				4.5,
				0.143
			]
		},
		{
			"Target": "Parameter",
			"Id": "Param_Angle_Rotation_4_l_l_h",
			"Segments": [
				0,
				-0.007,
				1,
				0.067,
				-0.007,
				0.133,
				-0.039,
				0.2,
				-0.039,
				1,
				0.433,
				-0.039,
				0.667,
				0.139,
				0.9,
				0.139,
				1,
				1.056,
				0.139,
				1.211,
				-0.235,
				1.367,
				-0.235,
				1,
				1.533,
				-0.235,
				1.7,
				0.26,
				1.867,
				0.26,
				1,
				2.056,
				0.26,
				2.244,
				-0.697,
				2.433,
				-0.697,
				1,
				2.589,
				-0.697,
				2.744,
				1.069,
				2.9,
				1.069,
				1,
				3.056,
				1.069,
				3.211,
				-1.057,
				3.367,
				-1.057,
				1,
				3.511,
				-1.057,
				3.656,
				0.822,
				3.8,
				0.822,
				1,
				3.956,
				0.822,
				4.111,
				-0.574,
				4.267,
				-0.574,
				1,
				4.344,
				-0.574,
				4.422,
				0.106,
				4.5,
				0.106
			]
		},
		{
			"Target": "Parameter",
			"Id": "Param_Angle_Rotation_5_l_l_h",
			"Segments": [
				0,
				0.063,
				1,
				0.089,
				0.063,
				0.178,
				-0.153,
				0.267,
				-0.153,
				1,
				0.511,
				-0.153,
				0.756,
				0.169,
				1,
				0.169,
				1,
				1.167,
				0.169,
				1.333,
				-0.381,
				1.5,
				-0.381,
				1,
				1.667,
				-0.381,
				1.833,
				0.512,
				2,
				0.512,
				1,
				2.178,
				0.512,
				2.356,
				-1.031,
				2.533,
				-1.031,
				1,
				2.7,
				-1.031,
				2.867,
				1.793,
				3.033,
				1.793,
				1,
				3.189,
				1.793,
				3.344,
				-2.098,
				3.5,
				-2.098,
				1,
				3.656,
				-2.098,
				3.811,
				1.908,
				3.967,
				1.908,
				1,
				4.111,
				1.908,
				4.256,
				-1.5,
				4.4,
				-1.5,
				1,
				4.433,
				-1.5,
				4.467,
				-1.192,
				4.5,
				-1.192
			]
		},
		{
			"Target": "Parameter",
			"Id": "Param_Angle_Rotation_6_l_l_h",
			"Segments": [
				0,
				0.443,
				1,
				0.111,
				0.443,
				0.222,
				-0.441,
				0.333,
				-0.441,
				1,
				0.5,
				-0.441,
				0.667,
				0.245,
				0.833,
				0.245,
				1,
				1.1,
				0.245,
				1.367,
				-0.534,
				1.633,
				-0.534,
				1,
				1.789,
				-0.534,
				1.944,
				0.863,
				2.1,
				0.863,
				1,
				2.278,
				0.863,
				2.456,
				-1.534,
				2.633,
				-1.534,
				1,
				2.8,
				-1.534,
				2.967,
				2.665,
				3.133,
				2.665,
				1,
				3.289,
				2.665,
				3.444,
				-3.449,
				3.6,
				-3.449,
				1,
				3.756,
				-3.449,
				3.911,
				3.486,
				4.067,
				3.486,
				1,
				4.211,
				3.486,
				4.356,
				-2.932,
				4.5,
				-2.932
			]
		},
		{
			"Target": "Parameter",
			"Id": "Param_Angle_Rotation_7_l_l_h",
			"Segments": [
				0,
				1.246,
				1,
				0.144,
				1.246,
				0.289,
				-0.766,
				0.433,
				-0.766,
				1,
				0.6,
				-0.766,
				0.767,
				0.498,
				0.933,
				0.498,
				1,
				1.2,
				0.498,
				1.467,
				-0.777,
				1.733,
				-0.777,
				1,
				1.889,
				-0.777,
				2.044,
				1.282,
				2.2,
				1.282,
				1,
				2.367,
				1.282,
				2.533,
				-2.27,
				2.7,
				-2.27,
				1,
				2.878,
				-2.27,
				3.056,
				3.341,
				3.233,
				3.341,
				1,
				3.389,
				3.341,
				3.544,
				-4.164,
				3.7,
				-4.164,
				1,
				3.867,
				-4.164,
				4.033,
				4.327,
				4.2,
				4.327,
				1,
				4.3,
				4.327,
				4.4,
				-1.437,
				4.5,
				-1.437
			]
		},
		{
			"Target": "Parameter",
			"Id": "Param_Angle_Rotation_8_l_l_h",
			"Segments": [
				0,
				1.349,
				1,
				0.022,
				1.349,
				0.044,
				1.475,
				0.067,
				1.475,
				1,
				0.211,
				1.475,
				0.356,
				-0.952,
				0.5,
				-0.952,
				1,
				0.656,
				-0.952,
				0.811,
				0.567,
				0.967,
				0.567,
				1,
				1.267,
				0.567,
				1.567,
				-0.678,
				1.867,
				-0.678,
				1,
				2.011,
				-0.678,
				2.156,
				1.29,
				2.3,
				1.29,
				1,
				2.456,
				1.29,
				2.611,
				-2.054,
				2.767,
				-2.054,
				1,
				2.944,
				-2.054,
				3.122,
				2.819,
				3.3,
				2.819,
				1,
				3.456,
				2.819,
				3.611,
				-3.579,
				3.767,
				-3.579,
				1,
				3.933,
				-3.579,
				4.1,
				3.804,
				4.267,
				3.804,
				1,
				4.344,
				3.804,
				4.422,
				0.05,
				4.5,
				0.05
			]
		},
		{
			"Target": "Parameter",
			"Id": "Param_Angle_Rotation_9_l_l_h",
			"Segments": [
				0,
				0.829,
				1,
				0.056,
				0.829,
				0.111,
				1.992,
				0.167,
				1.992,
				1,
				0.311,
				1.992,
				0.456,
				-1.367,
				0.6,
				-1.367,
				1,
				0.756,
				-1.367,
				0.911,
				0.883,
				1.067,
				0.883,
				1,
				1.356,
				0.883,
				1.644,
				-0.884,
				1.933,
				-0.884,
				1,
				2.089,
				-0.884,
				2.244,
				1.599,
				2.4,
				1.599,
				1,
				2.544,
				1.599,
				2.689,
				-2.448,
				2.833,
				-2.448,
				1,
				3,
				-2.448,
				3.167,
				2.931,
				3.333,
				2.931,
				1,
				3.5,
				2.931,
				3.667,
				-3.488,
				3.833,
				-3.488,
				1,
				3.989,
				-3.488,
				4.144,
				3.589,
				4.3,
				3.589,
				1,
				4.367,
				3.589,
				4.433,
				1.117,
				4.5,
				1.117
			]
		},
		{
			"Target": "Parameter",
			"Id": "Param_Angle_Rotation_10_l_l_h",
			"Segments": [
				0,
				-0.408,
				1,
				0.078,
				-0.408,
				0.156,
				2.777,
				0.233,
				2.777,
				1,
				0.389,
				2.777,
				0.544,
				-2.06,
				0.7,
				-2.06,
				1,
				0.856,
				-2.06,
				1.011,
				1.364,
				1.167,
				1.364,
				1,
				1.456,
				1.364,
				1.744,
				-1.191,
				2.033,
				-1.191,
				1,
				2.178,
				-1.191,
				2.322,
				2.205,
				2.467,
				2.205,
				1,
				2.611,
				2.205,
				2.756,
				-2.975,
				2.9,
				-2.975,
				1,
				3.067,
				-2.975,
				3.233,
				3.21,
				3.4,
				3.21,
				1,
				3.556,
				3.21,
				3.711,
				-3.689,
				3.867,
				-3.689,
				1,
				4.033,
				-3.689,
				4.2,
				3.815,
				4.367,
				3.815,
				1,
				4.411,
				3.815,
				4.456,
				1.871,
				4.5,
				1.871
			]
		},
		{
			"Target": "Parameter",
			"Id": "Param_Angle_Rotation_11_l_l_h",
			"Segments": [
				0,
				-0.408,
				1,
				0.078,
				-0.408,
				0.156,
				2.777,
				0.233,
				2.777,
				1,
				0.389,
				2.777,
				0.544,
				-2.06,
				0.7,
				-2.06,
				1,
				0.856,
				-2.06,
				1.011,
				1.364,
				1.167,
				1.364,
				1,
				1.456,
				1.364,
				1.744,
				-1.191,
				2.033,
				-1.191,
				1,
				2.178,
				-1.191,
				2.322,
				2.205,
				2.467,
				2.205,
				1,
				2.611,
				2.205,
				2.756,
				-2.975,
				2.9,
				-2.975,
				1,
				3.067,
				-2.975,
				3.233,
				3.21,
				3.4,
				3.21,
				1,
				3.556,
				3.21,
				3.711,
				-3.689,
				3.867,
				-3.689,
				1,
				4.033,
				-3.689,
				4.2,
				3.815,
				4.367,
				3.815,
				1,
				4.411,
				3.815,
				4.456,
				1.871,
				4.5,
				1.871
			]
		},
		{
			"Target": "Parameter",
			"Id": "Param_Angle_Rotation_1_rr_h",
			"Segments": [
				0,
				-0.106,
				1,
				0.011,
				-0.106,
				0.022,
				-0.106,
				0.033,
				-0.106,
				1,
				0.156,
				-0.106,
				0.278,
				-0.096,
				0.4,
				-0.096,
				1,
				0.567,
				-0.096,
				0.733,
				-0.189,
				0.9,
				-0.189,
				1,
				1.089,
				-0.189,
				1.278,
				-0.11,
				1.467,
				-0.11,
				1,
				1.633,
				-0.11,
				1.8,
				-0.203,
				1.967,
				-0.203,
				1,
				2.133,
				-0.203,
				2.3,
				0.204,
				2.467,
				0.204,
				1,
				2.611,
				0.204,
				2.756,
				-0.073,
				2.9,
				-0.073,
				1,
				3.056,
				-0.073,
				3.211,
				0.068,
				3.367,
				0.068,
				1,
				3.522,
				0.068,
				3.678,
				0.009,
				3.833,
				0.009,
				1,
				3.944,
				0.009,
				4.056,
				0.035,
				4.167,
				0.035,
				1,
				4.278,
				0.035,
				4.389,
				-0.127,
				4.5,
				-0.127
			]
		},
		{
			"Target": "Parameter",
			"Id": "Param_Angle_Rotation_2_rr_h",
			"Segments": [
				0,
				-0.106,
				1,
				0.011,
				-0.106,
				0.022,
				-0.106,
				0.033,
				-0.106,
				1,
				0.156,
				-0.106,
				0.278,
				-0.096,
				0.4,
				-0.096,
				1,
				0.567,
				-0.096,
				0.733,
				-0.189,
				0.9,
				-0.189,
				1,
				1.089,
				-0.189,
				1.278,
				-0.11,
				1.467,
				-0.11,
				1,
				1.633,
				-0.11,
				1.8,
				-0.203,
				1.967,
				-0.203,
				1,
				2.133,
				-0.203,
				2.3,
				0.204,
				2.467,
				0.204,
				1,
				2.611,
				0.204,
				2.756,
				-0.073,
				2.9,
				-0.073,
				1,
				3.056,
				-0.073,
				3.211,
				0.068,
				3.367,
				0.068,
				1,
				3.522,
				0.068,
				3.678,
				0.009,
				3.833,
				0.009,
				1,
				3.944,
				0.009,
				4.056,
				0.035,
				4.167,
				0.035,
				1,
				4.278,
				0.035,
				4.389,
				-0.127,
				4.5,
				-0.127
			]
		},
		{
			"Target": "Parameter",
			"Id": "Param_Angle_Rotation_3_rr_h",
			"Segments": [
				0,
				-0.003,
				1,
				0.1,
				-0.003,
				0.2,
				-0.007,
				0.3,
				-0.007,
				1,
				0.444,
				-0.007,
				0.589,
				0.044,
				0.733,
				0.044,
				1,
				0.889,
				0.044,
				1.044,
				-0.057,
				1.2,
				-0.057,
				1,
				1.378,
				-0.057,
				1.556,
				0.052,
				1.733,
				0.052,
				1,
				1.922,
				0.052,
				2.111,
				-0.211,
				2.3,
				-0.211,
				1,
				2.444,
				-0.211,
				2.589,
				0.262,
				2.733,
				0.262,
				1,
				2.878,
				0.262,
				3.022,
				-0.214,
				3.167,
				-0.214,
				1,
				3.311,
				-0.214,
				3.456,
				0.134,
				3.6,
				0.134,
				1,
				3.756,
				0.134,
				3.911,
				-0.081,
				4.067,
				-0.081,
				1,
				4.211,
				-0.081,
				4.356,
				0.143,
				4.5,
				0.143
			]
		},
		{
			"Target": "Parameter",
			"Id": "Param_Angle_Rotation_4_rr_h",
			"Segments": [
				0,
				-0.002,
				1,
				0.067,
				-0.002,
				0.133,
				-0.013,
				0.2,
				-0.013,
				1,
				0.433,
				-0.013,
				0.667,
				0.046,
				0.9,
				0.046,
				1,
				1.056,
				0.046,
				1.211,
				-0.078,
				1.367,
				-0.078,
				1,
				1.533,
				-0.078,
				1.7,
				0.087,
				1.867,
				0.087,
				1,
				2.056,
				0.087,
				2.244,
				-0.232,
				2.433,
				-0.232,
				1,
				2.589,
				-0.232,
				2.744,
				0.356,
				2.9,
				0.356,
				1,
				3.056,
				0.356,
				3.211,
				-0.352,
				3.367,
				-0.352,
				1,
				3.511,
				-0.352,
				3.656,
				0.274,
				3.8,
				0.274,
				1,
				3.956,
				0.274,
				4.111,
				-0.191,
				4.267,
				-0.191,
				1,
				4.344,
				-0.191,
				4.422,
				0.035,
				4.5,
				0.035
			]
		},
		{
			"Target": "Parameter",
			"Id": "Param_Angle_Rotation_5_rr_h",
			"Segments": [
				0,
				0.016,
				1,
				0.089,
				0.016,
				0.178,
				-0.038,
				0.267,
				-0.038,
				1,
				0.511,
				-0.038,
				0.756,
				0.042,
				1,
				0.042,
				1,
				1.167,
				0.042,
				1.333,
				-0.095,
				1.5,
				-0.095,
				1,
				1.667,
				-0.095,
				1.833,
				0.128,
				2,
				0.128,
				1,
				2.178,
				0.128,
				2.356,
				-0.258,
				2.533,
				-0.258,
				1,
				2.7,
				-0.258,
				2.867,
				0.448,
				3.033,
				0.448,
				1,
				3.189,
				0.448,
				3.344,
				-0.524,
				3.5,
				-0.524,
				1,
				3.656,
				-0.524,
				3.811,
				0.477,
				3.967,
				0.477,
				1,
				4.111,
				0.477,
				4.256,
				-0.375,
				4.4,
				-0.375,
				1,
				4.433,
				-0.375,
				4.467,
				-0.298,
				4.5,
				-0.298
			]
		},
		{
			"Target": "Parameter",
			"Id": "Param_Angle_Rotation_6_rr_h",
			"Segments": [
				0,
				0.443,
				1,
				0.111,
				0.443,
				0.222,
				-0.441,
				0.333,
				-0.441,
				1,
				0.5,
				-0.441,
				0.667,
				0.245,
				0.833,
				0.245,
				1,
				1.1,
				0.245,
				1.367,
				-0.534,
				1.633,
				-0.534,
				1,
				1.789,
				-0.534,
				1.944,
				0.863,
				2.1,
				0.863,
				1,
				2.278,
				0.863,
				2.456,
				-1.534,
				2.633,
				-1.534,
				1,
				2.8,
				-1.534,
				2.967,
				2.665,
				3.133,
				2.665,
				1,
				3.289,
				2.665,
				3.444,
				-3.449,
				3.6,
				-3.449,
				1,
				3.756,
				-3.449,
				3.911,
				3.486,
				4.067,
				3.486,
				1,
				4.211,
				3.486,
				4.356,
				-2.932,
				4.5,
				-2.932
			]
		},
		{
			"Target": "Parameter",
			"Id": "Param_Angle_Rotation_7_rr_h",
			"Segments": [
				0,
				1.495,
				1,
				0.144,
				1.495,
				0.289,
				-0.919,
				0.433,
				-0.919,
				1,
				0.6,
				-0.919,
				0.767,
				0.597,
				0.933,
				0.597,
				1,
				1.2,
				0.597,
				1.467,
				-0.932,
				1.733,
				-0.932,
				1,
				1.889,
				-0.932,
				2.044,
				1.539,
				2.2,
				1.539,
				1,
				2.367,
				1.539,
				2.533,
				-2.724,
				2.7,
				-2.724,
				1,
				2.878,
				-2.724,
				3.056,
				4.01,
				3.233,
				4.01,
				1,
				3.389,
				4.01,
				3.544,
				-4.997,
				3.7,
				-4.997,
				1,
				3.867,
				-4.997,
				4.033,
				5.192,
				4.2,
				5.192,
				1,
				4.3,
				5.192,
				4.4,
				-1.724,
				4.5,
				-1.724
			]
		},
		{
			"Target": "Parameter",
			"Id": "Param_Angle_Rotation_8_rr_h",
			"Segments": [
				0,
				1.619,
				1,
				0.022,
				1.619,
				0.044,
				1.77,
				0.067,
				1.77,
				1,
				0.211,
				1.77,
				0.356,
				-1.143,
				0.5,
				-1.143,
				1,
				0.656,
				-1.143,
				0.811,
				0.681,
				0.967,
				0.681,
				1,
				1.267,
				0.681,
				1.567,
				-0.814,
				1.867,
				-0.814,
				1,
				2.011,
				-0.814,
				2.156,
				1.548,
				2.3,
				1.548,
				1,
				2.456,
				1.548,
				2.611,
				-2.465,
				2.767,
				-2.465,
				1,
				2.944,
				-2.465,
				3.122,
				3.383,
				3.3,
				3.383,
				1,
				3.456,
				3.383,
				3.611,
				-4.295,
				3.767,
				-4.295,
				1,
				3.933,
				-4.295,
				4.1,
				4.565,
				4.267,
				4.565,
				1,
				4.344,
				4.565,
				4.422,
				0.06,
				4.5,
				0.06
			]
		},
		{
			"Target": "Parameter",
			"Id": "Param_Angle_Rotation_9_rr_h",
			"Segments": [
				0,
				0.995,
				1,
				0.056,
				0.995,
				0.111,
				2.391,
				0.167,
				2.391,
				1,
				0.311,
				2.391,
				0.456,
				-1.641,
				0.6,
				-1.641,
				1,
				0.756,
				-1.641,
				0.911,
				1.06,
				1.067,
				1.06,
				1,
				1.356,
				1.06,
				1.644,
				-1.061,
				1.933,
				-1.061,
				1,
				2.089,
				-1.061,
				2.244,
				1.919,
				2.4,
				1.919,
				1,
				2.544,
				1.919,
				2.689,
				-2.938,
				2.833,
				-2.938,
				1,
				3,
				-2.938,
				3.167,
				3.517,
				3.333,
				3.517,
				1,
				3.5,
				3.517,
				3.667,
				-4.186,
				3.833,
				-4.186,
				1,
				3.989,
				-4.186,
				4.144,
				4.307,
				4.3,
				4.307,
				1,
				4.367,
				4.307,
				4.433,
				1.34,
				4.5,
				1.34
			]
		},
		{
			"Target": "Parameter",
			"Id": "Param_Angle_Rotation_10_rr_h",
			"Segments": [
				0,
				-0.408,
				1,
				0.078,
				-0.408,
				0.156,
				2.777,
				0.233,
				2.777,
				1,
				0.389,
				2.777,
				0.544,
				-2.06,
				0.7,
				-2.06,
				1,
				0.856,
				-2.06,
				1.011,
				1.364,
				1.167,
				1.364,
				1,
				1.456,
				1.364,
				1.744,
				-1.191,
				2.033,
				-1.191,
				1,
				2.178,
				-1.191,
				2.322,
				2.205,
				2.467,
				2.205,
				1,
				2.611,
				2.205,
				2.756,
				-2.975,
				2.9,
				-2.975,
				1,
				3.067,
				-2.975,
				3.233,
				3.21,
				3.4,
				3.21,
				1,
				3.556,
				3.21,
				3.711,
				-3.689,
				3.867,
				-3.689,
				1,
				4.033,
				-3.689,
				4.2,
				3.815,
				4.367,
				3.815,
				1,
				4.411,
				3.815,
				4.456,
				1.871,
				4.5,
				1.871
			]
		},
		{
			"Target": "Parameter",
			"Id": "Param_Angle_Rotation_11_rr_h",
			"Segments": [
				0,
				-0.408,
				1,
				0.078,
				-0.408,
				0.156,
				2.777,
				0.233,
				2.777,
				1,
				0.389,
				2.777,
				0.544,
				-2.06,
				0.7,
				-2.06,
				1,
				0.856,
				-2.06,
				1.011,
				1.364,
				1.167,
				1.364,
				1,
				1.456,
				1.364,
				1.744,
				-1.191,
				2.033,
				-1.191,
				1,
				2.178,
				-1.191,
				2.322,
				2.205,
				2.467,
				2.205,
				1,
				2.611,
				2.205,
				2.756,
				-2.975,
				2.9,
				-2.975,
				1,
				3.067,
				-2.975,
				3.233,
				3.21,
				3.4,
				3.21,
				1,
				3.556,
				3.21,
				3.711,
				-3.689,
				3.867,
				-3.689,
				1,
				4.033,
				-3.689,
				4.2,
				3.815,
				4.367,
				3.815,
				1,
				4.411,
				3.815,
				4.456,
				1.871,
				4.5,
				1.871
			]
		},
		{
			"Target": "Parameter",
			"Id": "Param_Angle_Rotation_1_shadow_m",
			"Segments": [
				0,
				-0.106,
				1,
				0.011,
				-0.106,
				0.022,
				-0.106,
				0.033,
				-0.106,
				1,
				0.156,
				-0.106,
				0.278,
				-0.096,
				0.4,
				-0.096,
				1,
				0.567,
				-0.096,
				0.733,
				-0.189,
				0.9,
				-0.189,
				1,
				1.089,
				-0.189,
				1.278,
				-0.11,
				1.467,
				-0.11,
				1,
				1.633,
				-0.11,
				1.8,
				-0.203,
				1.967,
				-0.203,
				1,
				2.133,
				-0.203,
				2.3,
				0.204,
				2.467,
				0.204,
				1,
				2.611,
				0.204,
				2.756,
				-0.073,
				2.9,
				-0.073,
				1,
				3.056,
				-0.073,
				3.211,
				0.068,
				3.367,
				0.068,
				1,
				3.522,
				0.068,
				3.678,
				0.009,
				3.833,
				0.009,
				1,
				3.944,
				0.009,
				4.056,
				0.035,
				4.167,
				0.035,
				1,
				4.278,
				0.035,
				4.389,
				-0.127,
				4.5,
				-0.127
			]
		},
		{
			"Target": "Parameter",
			"Id": "Param_Angle_Rotation_2_shadow_m",
			"Segments": [
				0,
				-0.106,
				1,
				0.011,
				-0.106,
				0.022,
				-0.106,
				0.033,
				-0.106,
				1,
				0.156,
				-0.106,
				0.278,
				-0.096,
				0.4,
				-0.096,
				1,
				0.567,
				-0.096,
				0.733,
				-0.189,
				0.9,
				-0.189,
				1,
				1.089,
				-0.189,
				1.278,
				-0.11,
				1.467,
				-0.11,
				1,
				1.633,
				-0.11,
				1.8,
				-0.203,
				1.967,
				-0.203,
				1,
				2.133,
				-0.203,
				2.3,
				0.204,
				2.467,
				0.204,
				1,
				2.611,
				0.204,
				2.756,
				-0.073,
				2.9,
				-0.073,
				1,
				3.056,
				-0.073,
				3.211,
				0.068,
				3.367,
				0.068,
				1,
				3.522,
				0.068,
				3.678,
				0.009,
				3.833,
				0.009,
				1,
				3.944,
				0.009,
				4.056,
				0.035,
				4.167,
				0.035,
				1,
				4.278,
				0.035,
				4.389,
				-0.127,
				4.5,
				-0.127
			]
		},
		{
			"Target": "Parameter",
			"Id": "Param_Angle_Rotation_3_shadow_m",
			"Segments": [
				0,
				-0.003,
				1,
				0.1,
				-0.003,
				0.2,
				-0.007,
				0.3,
				-0.007,
				1,
				0.444,
				-0.007,
				0.589,
				0.044,
				0.733,
				0.044,
				1,
				0.889,
				0.044,
				1.044,
				-0.057,
				1.2,
				-0.057,
				1,
				1.378,
				-0.057,
				1.556,
				0.052,
				1.733,
				0.052,
				1,
				1.922,
				0.052,
				2.111,
				-0.211,
				2.3,
				-0.211,
				1,
				2.444,
				-0.211,
				2.589,
				0.262,
				2.733,
				0.262,
				1,
				2.878,
				0.262,
				3.022,
				-0.214,
				3.167,
				-0.214,
				1,
				3.311,
				-0.214,
				3.456,
				0.134,
				3.6,
				0.134,
				1,
				3.756,
				0.134,
				3.911,
				-0.081,
				4.067,
				-0.081,
				1,
				4.211,
				-0.081,
				4.356,
				0.143,
				4.5,
				0.143
			]
		},
		{
			"Target": "Parameter",
			"Id": "Param_Angle_Rotation_4_shadow_m",
			"Segments": [
				0,
				-0.01,
				1,
				0.067,
				-0.01,
				0.133,
				-0.052,
				0.2,
				-0.052,
				1,
				0.433,
				-0.052,
				0.667,
				0.186,
				0.9,
				0.186,
				1,
				1.056,
				0.186,
				1.211,
				-0.313,
				1.367,
				-0.313,
				1,
				1.533,
				-0.313,
				1.7,
				0.346,
				1.867,
				0.346,
				1,
				2.056,
				0.346,
				2.244,
				-0.93,
				2.433,
				-0.93,
				1,
				2.589,
				-0.93,
				2.744,
				1.425,
				2.9,
				1.425,
				1,
				3.056,
				1.425,
				3.211,
				-1.41,
				3.367,
				-1.41,
				1,
				3.511,
				-1.41,
				3.656,
				1.096,
				3.8,
				1.096,
				1,
				3.956,
				1.096,
				4.111,
				-0.765,
				4.267,
				-0.765,
				1,
				4.344,
				-0.765,
				4.422,
				0.141,
				4.5,
				0.141
			]
		},
		{
			"Target": "Parameter",
			"Id": "Param_Angle_Rotation_5_shadow_m",
			"Segments": [
				0,
				0.079,
				1,
				0.089,
				0.079,
				0.178,
				-0.191,
				0.267,
				-0.191,
				1,
				0.511,
				-0.191,
				0.756,
				0.211,
				1,
				0.211,
				1,
				1.167,
				0.211,
				1.333,
				-0.476,
				1.5,
				-0.476,
				1,
				1.667,
				-0.476,
				1.833,
				0.64,
				2,
				0.64,
				1,
				2.178,
				0.64,
				2.356,
				-1.289,
				2.533,
				-1.289,
				1,
				2.7,
				-1.289,
				2.867,
				2.241,
				3.033,
				2.241,
				1,
				3.189,
				2.241,
				3.344,
				-2.622,
				3.5,
				-2.622,
				1,
				3.656,
				-2.622,
				3.811,
				2.385,
				3.967,
				2.385,
				1,
				4.111,
				2.385,
				4.256,
				-1.875,
				4.4,
				-1.875,
				1,
				4.433,
				-1.875,
				4.467,
				-1.489,
				4.5,
				-1.489
			]
		},
		{
			"Target": "Parameter",
			"Id": "Param_Angle_Rotation_6_shadow_m",
			"Segments": [
				0,
				0.443,
				1,
				0.111,
				0.443,
				0.222,
				-0.441,
				0.333,
				-0.441,
				1,
				0.5,
				-0.441,
				0.667,
				0.245,
				0.833,
				0.245,
				1,
				1.1,
				0.245,
				1.367,
				-0.534,
				1.633,
				-0.534,
				1,
				1.789,
				-0.534,
				1.944,
				0.863,
				2.1,
				0.863,
				1,
				2.278,
				0.863,
				2.456,
				-1.534,
				2.633,
				-1.534,
				1,
				2.8,
				-1.534,
				2.967,
				2.665,
				3.133,
				2.665,
				1,
				3.289,
				2.665,
				3.444,
				-3.449,
				3.6,
				-3.449,
				1,
				3.756,
				-3.449,
				3.911,
				3.486,
				4.067,
				3.486,
				1,
				4.211,
				3.486,
				4.356,
				-2.932,
				4.5,
				-2.932
			]
		},
		{
			"Target": "Parameter",
			"Id": "Param_Angle_Rotation_7_shadow_m",
			"Segments": [
				0,
				1.246,
				1,
				0.144,
				1.246,
				0.289,
				-0.766,
				0.433,
				-0.766,
				1,
				0.6,
				-0.766,
				0.767,
				0.498,
				0.933,
				0.498,
				1,
				1.2,
				0.498,
				1.467,
				-0.777,
				1.733,
				-0.777,
				1,
				1.889,
				-0.777,
				2.044,
				1.282,
				2.2,
				1.282,
				1,
				2.367,
				1.282,
				2.533,
				-2.27,
				2.7,
				-2.27,
				1,
				2.878,
				-2.27,
				3.056,
				3.341,
				3.233,
				3.341,
				1,
				3.389,
				3.341,
				3.544,
				-4.164,
				3.7,
				-4.164,
				1,
				3.867,
				-4.164,
				4.033,
				4.327,
				4.2,
				4.327,
				1,
				4.3,
				4.327,
				4.4,
				-1.437,
				4.5,
				-1.437
			]
		},
		{
			"Target": "Parameter",
			"Id": "Param_Angle_Rotation_8_shadow_m",
			"Segments": [
				0,
				1.619,
				1,
				0.022,
				1.619,
				0.044,
				1.77,
				0.067,
				1.77,
				1,
				0.211,
				1.77,
				0.356,
				-1.143,
				0.5,
				-1.143,
				1,
				0.656,
				-1.143,
				0.811,
				0.681,
				0.967,
				0.681,
				1,
				1.267,
				0.681,
				1.567,
				-0.814,
				1.867,
				-0.814,
				1,
				2.011,
				-0.814,
				2.156,
				1.548,
				2.3,
				1.548,
				1,
				2.456,
				1.548,
				2.611,
				-2.465,
				2.767,
				-2.465,
				1,
				2.944,
				-2.465,
				3.122,
				3.383,
				3.3,
				3.383,
				1,
				3.456,
				3.383,
				3.611,
				-4.295,
				3.767,
				-4.295,
				1,
				3.933,
				-4.295,
				4.1,
				4.565,
				4.267,
				4.565,
				1,
				4.344,
				4.565,
				4.422,
				0.06,
				4.5,
				0.06
			]
		},
		{
			"Target": "Parameter",
			"Id": "Param_Angle_Rotation_9_shadow_m",
			"Segments": [
				0,
				0.995,
				1,
				0.056,
				0.995,
				0.111,
				2.391,
				0.167,
				2.391,
				1,
				0.311,
				2.391,
				0.456,
				-1.641,
				0.6,
				-1.641,
				1,
				0.756,
				-1.641,
				0.911,
				1.06,
				1.067,
				1.06,
				1,
				1.356,
				1.06,
				1.644,
				-1.061,
				1.933,
				-1.061,
				1,
				2.089,
				-1.061,
				2.244,
				1.919,
				2.4,
				1.919,
				1,
				2.544,
				1.919,
				2.689,
				-2.938,
				2.833,
				-2.938,
				1,
				3,
				-2.938,
				3.167,
				3.517,
				3.333,
				3.517,
				1,
				3.5,
				3.517,
				3.667,
				-4.186,
				3.833,
				-4.186,
				1,
				3.989,
				-4.186,
				4.144,
				4.307,
				4.3,
				4.307,
				1,
				4.367,
				4.307,
				4.433,
				1.34,
				4.5,
				1.34
			]
		}
	]
}