{
	"Version": 3,
	"Meta": {
		"Duration": 3.3,
		"Fps": 30.0,
		"Loop": true,
		"AreBeziersRestricted": true,
		"CurveCount": 81,
		"TotalSegmentCount": 771,
		"TotalPointCount": 2368,
		"UserDataCount": 0,
		"TotalUserDataSize": 0
	},
	"Curves": [
		{
			"Target": "Parameter",
			"Id": "ParamAngleX",
			"Segments": [
				0,
				0,
				0,
				0.067,
				0,
				1,
				0.211,
				0,
				0.356,
				5,
				0.5,
				5,
				1,
				0.6,
				5,
				0.7,
				-1,
				0.8,
				-1,
				1,
				0.933,
				-1,
				1.067,
				0,
				1.2,
				0,
				1,
				1.278,
				0,
				1.356,
				0,
				1.433,
				0,
				1,
				1.533,
				0,
				1.633,
				-1,
				1.733,
				-1,
				1,
				1.8,
				-1,
				1.867,
				0,
				1.933,
				0,
				1,
				2.089,
				0,
				2.244,
				0,
				2.4,
				0,
				0,
				3.3,
				0
			]
		},
		{
			"Target": "Parameter",
			"Id": "ParamAngleY",
			"Segments": [
				0,
				0,
				0,
				0.067,
				0,
				1,
				0.211,
				0,
				0.356,
				2,
				0.5,
				2,
				1,
				0.6,
				2,
				0.7,
				0,
				0.8,
				0,
				1,
				0.933,
				0,
				1.067,
				0,
				1.2,
				0,
				1,
				1.278,
				0,
				1.356,
				0,
				1.433,
				0,
				1,
				1.533,
				0,
				1.633,
				-12,
				1.733,
				-12,
				1,
				1.8,
				-12,
				1.867,
				0,
				1.933,
				0,
				1,
				2.089,
				0,
				2.244,
				0,
				2.4,
				0,
				0,
				3.3,
				0
			]
		},
		{
			"Target": "Parameter",
			"Id": "ParamAngleZ",
			"Segments": [
				0,
				0,
				0,
				0.033,
				0,
				1,
				0.078,
				0,
				0.122,
				0,
				0.167,
				0,
				1,
				0.256,
				0,
				0.344,
				-5,
				0.433,
				-5,
				1,
				0.5,
				-5,
				0.567,
				1.116,
				0.633,
				4,
				1,
				0.7,
				6.884,
				0.767,
				7,
				0.833,
				7,
				1,
				0.944,
				7,
				1.056,
				0,
				1.167,
				0,
				1,
				1.3,
				0,
				1.433,
				18.542,
				1.567,
				20,
				1,
				1.756,
				22.066,
				1.944,
				22,
				2.133,
				22,
				1,
				2.178,
				22,
				2.222,
				19.621,
				2.267,
				18,
				1,
				2.611,
				5.439,
				2.956,
				0,
				3.3,
				0
			]
		},
		{
			"Target": "Parameter",
			"Id": "ParamMouthForm",
			"Segments": [
				0,
				0,
				1,
				0.078,
				0,
				0.156,
				0,
				0.233,
				0,
				1,
				0.244,
				0,
				0.256,
				0.2,
				0.267,
				0.2,
				1,
				0.289,
				0.2,
				0.311,
				0.1,
				0.333,
				0.1,
				1,
				0.356,
				0.1,
				0.378,
				0.475,
				0.4,
				0.6,
				1,
				0.433,
				0.788,
				0.467,
				0.8,
				0.5,
				0.8,
				1,
				0.522,
				0.8,
				0.544,
				0.3,
				0.567,
				0.3,
				1,
				0.656,
				0.3,
				0.744,
				0.3,
				0.833,
				0.3,
				1,
				0.844,
				0.3,
				0.856,
				0.309,
				0.867,
				0.1,
				1,
				0.889,
				-0.318,
				0.911,
				-0.8,
				0.933,
				-0.8,
				1,
				0.956,
				-0.8,
				0.978,
				0.6,
				1,
				0.6,
				1,
				1.022,
				0.6,
				1.044,
				-0.479,
				1.067,
				-0.6,
				1,
				1.089,
				-0.721,
				1.111,
				-0.7,
				1.133,
				-0.7,
				1,
				1.156,
				-0.7,
				1.178,
				-0.505,
				1.2,
				-0.3,
				1,
				1.222,
				-0.095,
				1.244,
				-0.021,
				1.267,
				0.2,
				1,
				1.289,
				0.421,
				1.311,
				0.7,
				1.333,
				0.7,
				1,
				1.367,
				0.7,
				1.4,
				-0.373,
				1.433,
				-0.6,
				1,
				1.467,
				-0.827,
				1.5,
				-0.8,
				1.533,
				-0.8,
				1,
				1.567,
				-0.8,
				1.6,
				-0.845,
				1.633,
				-0.6,
				1,
				1.678,
				-0.274,
				1.722,
				0.8,
				1.767,
				0.8,
				1,
				1.789,
				0.8,
				1.811,
				0.8,
				1.833,
				0.8,
				1,
				1.856,
				0.8,
				1.878,
				-0.9,
				1.9,
				-0.9,
				1,
				1.922,
				-0.9,
				1.944,
				-0.6,
				1.967,
				-0.6,
				1,
				2.033,
				-0.6,
				2.1,
				-0.628,
				2.167,
				-0.7,
				1,
				2.222,
				-0.76,
				2.278,
				-0.8,
				2.333,
				-0.8,
				1,
				2.367,
				-0.8,
				2.4,
				-0.2,
				2.433,
				-0.2,
				1,
				2.478,
				-0.2,
				2.522,
				-0.5,
				2.567,
				-0.5,
				0,
				3.3,
				-0.5
			]
		},
		{
			"Target": "Parameter",
			"Id": "ParamMouthOpenY",
			"Segments": [
				0,
				0,
				1,
				0.078,
				0,
				0.156,
				0,
				0.233,
				0,
				1,
				0.244,
				0,
				0.256,
				0,
				0.267,
				0,
				1,
				0.289,
				0,
				0.311,
				0.2,
				0.333,
				0.2,
				1,
				0.356,
				0.2,
				0.378,
				0.151,
				0.4,
				0.1,
				1,
				0.433,
				0.023,
				0.467,
				0,
				0.5,
				0,
				1,
				0.522,
				0,
				0.544,
				0,
				0.567,
				0,
				1,
				0.656,
				0,
				0.744,
				0,
				0.833,
				0,
				1,
				0.844,
				0,
				0.856,
				0,
				0.867,
				0,
				1,
				0.889,
				0,
				0.911,
				0.172,
				0.933,
				0.4,
				1,
				0.956,
				0.628,
				0.978,
				0.7,
				1,
				0.7,
				1,
				1.022,
				0.7,
				1.044,
				0.4,
				1.067,
				0.4,
				1,
				1.089,
				0.4,
				1.111,
				0.7,
				1.133,
				0.7,
				1,
				1.156,
				0.7,
				1.178,
				0.457,
				1.2,
				0.4,
				1,
				1.222,
				0.343,
				1.244,
				0.344,
				1.267,
				0.3,
				1,
				1.289,
				0.256,
				1.311,
				0.2,
				1.333,
				0.2,
				1,
				1.367,
				0.2,
				1.4,
				0.422,
				1.433,
				0.6,
				1,
				1.467,
				0.778,
				1.5,
				0.8,
				1.533,
				0.8,
				1,
				1.567,
				0.8,
				1.6,
				0.815,
				1.633,
				0.7,
				1,
				1.678,
				0.547,
				1.722,
				0.2,
				1.767,
				0.2,
				1,
				1.789,
				0.2,
				1.811,
				0.233,
				1.833,
				0.3,
				1,
				1.856,
				0.367,
				1.878,
				0.4,
				1.9,
				0.4,
				1,
				1.922,
				0.4,
				1.944,
				0.2,
				1.967,
				0.2,
				1,
				2.033,
				0.2,
				2.1,
				0.7,
				2.167,
				0.7,
				1,
				2.222,
				0.7,
				2.278,
				0.652,
				2.333,
				0.4,
				1,
				2.367,
				0.249,
				2.4,
				0,
				2.433,
				0,
				1,
				2.478,
				0,
				2.522,
				0,
				2.567,
				0,
				0,
				3.3,
				0
			]
		},
		{
			"Target": "Parameter",
			"Id": "Param8",
			"Segments": [
				0,
				0,
				1,
				0.033,
				0,
				0.067,
				0,
				0.1,
				0,
				1,
				0.244,
				0,
				0.389,
				4.57,
				0.533,
				4.57,
				1,
				0.667,
				4.57,
				0.8,
				-2.723,
				0.933,
				-2.723,
				1,
				1.056,
				-2.723,
				1.178,
				0.987,
				1.3,
				0.987,
				1,
				1.456,
				0.987,
				1.611,
				-1.105,
				1.767,
				-1.105,
				1,
				1.878,
				-1.105,
				1.989,
				0.476,
				2.1,
				0.476,
				1,
				2.222,
				0.476,
				2.344,
				-0.189,
				2.467,
				-0.189,
				1,
				2.589,
				-0.189,
				2.711,
				0.075,
				2.833,
				0.075,
				1,
				2.944,
				0.075,
				3.056,
				-0.059,
				3.167,
				-0.059,
				1,
				3.211,
				-0.059,
				3.256,
				-0.035,
				3.3,
				-0.035
			]
		},
		{
			"Target": "Parameter",
			"Id": "Param9",
			"Segments": [
				0,
				0,
				1,
				0.044,
				0,
				0.089,
				0,
				0.133,
				0,
				1,
				0.278,
				0,
				0.422,
				1.642,
				0.567,
				1.642,
				1,
				0.711,
				1.642,
				0.856,
				-0.412,
				1,
				-0.412,
				1,
				1.144,
				-0.412,
				1.289,
				0.118,
				1.433,
				0.118,
				1,
				1.556,
				0.118,
				1.678,
				-9.165,
				1.8,
				-9.165,
				1,
				1.933,
				-9.165,
				2.067,
				2.164,
				2.2,
				2.164,
				1,
				2.344,
				2.164,
				2.489,
				-0.397,
				2.633,
				-0.397,
				1,
				2.789,
				-0.397,
				2.944,
				0.097,
				3.1,
				0.097,
				1,
				3.167,
				0.097,
				3.233,
				0.029,
				3.3,
				0.029
			]
		},
		{
			"Target": "Parameter",
			"Id": "Param12",
			"Segments": [
				0,
				0,
				1,
				0.1,
				0,
				0.2,
				0,
				0.3,
				0,
				1,
				0.356,
				0,
				0.411,
				26,
				0.467,
				26,
				1,
				0.522,
				26,
				0.578,
				21.467,
				0.633,
				16,
				1,
				0.689,
				10.533,
				0.744,
				9,
				0.8,
				9,
				1,
				0.833,
				9,
				0.867,
				16,
				0.9,
				16,
				1,
				1.033,
				16,
				1.167,
				0,
				1.3,
				0,
				1,
				1.533,
				0,
				1.767,
				0,
				2,
				0,
				1,
				2.056,
				0,
				2.111,
				15,
				2.167,
				15,
				1,
				2.211,
				15,
				2.256,
				0,
				2.3,
				0,
				0,
				3.3,
				0
			]
		},
		{
			"Target": "Parameter",
			"Id": "Param13",
			"Segments": [
				0,
				0,
				0,
				0.133,
				0,
				1,
				0.2,
				0,
				0.267,
				-18,
				0.333,
				-18,
				0,
				3.3,
				-18
			]
		},
		{
			"Target": "Parameter",
			"Id": "Param11",
			"Segments": [
				0,
				0,
				1,
				0.067,
				0,
				0.133,
				-10,
				0.2,
				-10,
				1,
				0.267,
				-10,
				0.333,
				21,
				0.4,
				21,
				1,
				0.456,
				21,
				0.511,
				0,
				0.567,
				0,
				0,
				3.3,
				0
			]
		},
		{
			"Target": "Parameter",
			"Id": "Param2",
			"Segments": [
				0,
				-5.236,
				1,
				0.022,
				-5.236,
				0.044,
				-5.236,
				0.067,
				-5.236,
				1,
				0.144,
				-5.236,
				0.222,
				-4.841,
				0.3,
				-4.841,
				1,
				0.356,
				-4.841,
				0.411,
				-5.317,
				0.467,
				-5.317,
				1,
				0.578,
				-5.317,
				0.689,
				-0.954,
				0.8,
				-0.954,
				1,
				0.933,
				-0.954,
				1.067,
				-7.023,
				1.2,
				-7.023,
				1,
				1.333,
				-7.023,
				1.467,
				5.641,
				1.6,
				5.641,
				1,
				1.678,
				5.641,
				1.756,
				-0.811,
				1.833,
				-0.811,
				1,
				1.944,
				-0.811,
				2.056,
				5.906,
				2.167,
				5.906,
				1,
				2.322,
				5.906,
				2.478,
				-4.592,
				2.633,
				-4.592,
				1,
				2.711,
				-4.592,
				2.789,
				-3.847,
				2.867,
				-3.847,
				1,
				3,
				-3.847,
				3.133,
				-5.816,
				3.267,
				-5.816,
				1,
				3.278,
				-5.816,
				3.289,
				-5.812,
				3.3,
				-5.812
			]
		},
		{
			"Target": "Parameter",
			"Id": "Param3",
			"Segments": [
				0,
				0.005,
				1,
				0.078,
				0.005,
				0.156,
				-0.241,
				0.233,
				-0.241,
				1,
				0.3,
				-0.241,
				0.367,
				0.448,
				0.433,
				0.448,
				1,
				0.511,
				0.448,
				0.589,
				-2.002,
				0.667,
				-2.002,
				1,
				0.778,
				-2.002,
				0.889,
				3.155,
				1,
				3.155,
				1,
				1.144,
				3.155,
				1.289,
				-6.006,
				1.433,
				-6.006,
				1,
				1.544,
				-6.006,
				1.656,
				8.454,
				1.767,
				8.454,
				1,
				1.856,
				8.454,
				1.944,
				-7.783,
				2.033,
				-7.783,
				1,
				2.144,
				-7.783,
				2.256,
				7.583,
				2.367,
				7.583,
				1,
				2.489,
				7.583,
				2.611,
				-5.35,
				2.733,
				-5.35,
				1,
				2.844,
				-5.35,
				2.956,
				3.377,
				3.067,
				3.377,
				1,
				3.144,
				3.377,
				3.222,
				-1.034,
				3.3,
				-1.034
			]
		},
		{
			"Target": "Parameter",
			"Id": "ParamEyeBallX",
			"Segments": [
				0,
				0,
				1,
				0.133,
				0,
				0.267,
				0,
				0.4,
				0,
				1,
				0.422,
				0,
				0.444,
				0.1,
				0.467,
				0.1,
				1,
				0.5,
				0.1,
				0.533,
				0,
				0.567,
				0,
				1,
				0.689,
				0,
				0.811,
				0,
				0.933,
				0,
				1,
				1.022,
				0,
				1.111,
				0,
				1.2,
				0,
				1,
				1.3,
				0,
				1.4,
				0,
				1.5,
				0,
				1,
				1.567,
				0,
				1.633,
				0.4,
				1.7,
				0.4,
				1,
				1.933,
				0.4,
				2.167,
				0.345,
				2.4,
				0.2,
				1,
				2.478,
				0.152,
				2.556,
				0.1,
				2.633,
				0.1,
				1,
				2.844,
				0.1,
				3.056,
				0.2,
				3.267,
				0.2,
				0,
				3.3,
				0.2
			]
		},
		{
			"Target": "Parameter",
			"Id": "ParamEyeBallY",
			"Segments": [
				0,
				0,
				1,
				0.133,
				0,
				0.267,
				0,
				0.4,
				0,
				1,
				0.422,
				0,
				0.444,
				0.2,
				0.467,
				0.2,
				1,
				0.5,
				0.2,
				0.533,
				0,
				0.567,
				0,
				1,
				0.689,
				0,
				0.811,
				0,
				0.933,
				0,
				1,
				1.022,
				0,
				1.111,
				0,
				1.2,
				0,
				1,
				1.3,
				0,
				1.4,
				0,
				1.5,
				0,
				1,
				1.567,
				0,
				1.633,
				0.476,
				1.7,
				0.5,
				1,
				1.933,
				0.584,
				2.167,
				0.6,
				2.4,
				0.6,
				1,
				2.478,
				0.6,
				2.556,
				0.6,
				2.633,
				0.6,
				1,
				2.844,
				0.6,
				3.056,
				0.6,
				3.267,
				0.6,
				0,
				3.3,
				0.6
			]
		},
		{
			"Target": "Parameter",
			"Id": "ParamBodyAngleX",
			"Segments": [
				0,
				0,
				1,
				0.056,
				0,
				0.111,
				0,
				0.167,
				0,
				1,
				0.3,
				0,
				0.433,
				1.449,
				0.567,
				1.449,
				1,
				0.689,
				1.449,
				0.811,
				-0.639,
				0.933,
				-0.639,
				1,
				1.033,
				-0.639,
				1.133,
				0,
				1.233,
				0,
				1,
				1.922,
				0,
				2.611,
				0,
				3.3,
				0
			]
		},
		{
			"Target": "Parameter",
			"Id": "ParamBodyAngleY",
			"Segments": [
				0,
				0,
				1,
				0.1,
				0,
				0.2,
				0,
				0.3,
				0,
				1,
				0.4,
				0,
				0.5,
				0.584,
				0.6,
				0.584,
				1,
				0.722,
				0.584,
				0.844,
				-0.191,
				0.967,
				-0.191,
				1,
				1.1,
				-0.191,
				1.233,
				0.083,
				1.367,
				0.083,
				1,
				1.511,
				0.083,
				1.656,
				-3.729,
				1.8,
				-3.729,
				1,
				1.922,
				-3.729,
				2.044,
				0.788,
				2.167,
				0.788,
				1,
				2.311,
				0.788,
				2.456,
				-0.16,
				2.6,
				-0.16,
				1,
				2.689,
				-0.16,
				2.778,
				0,
				2.867,
				0,
				1,
				3.011,
				0,
				3.156,
				0,
				3.3,
				0
			]
		},
		{
			"Target": "Parameter",
			"Id": "ParamBodyAngleZ",
			"Segments": [
				0,
				0,
				1,
				0.067,
				0,
				0.133,
				0,
				0.2,
				0,
				1,
				0.3,
				0,
				0.4,
				-1.15,
				0.5,
				-1.15,
				1,
				0.633,
				-1.15,
				0.767,
				2.137,
				0.9,
				2.137,
				1,
				1.011,
				2.137,
				1.122,
				-0.144,
				1.233,
				-0.144,
				1,
				1.4,
				-0.144,
				1.567,
				5.764,
				1.733,
				5.764,
				1,
				2.256,
				5.764,
				2.778,
				-0.102,
				3.3,
				-0.102
			]
		},
		{
			"Target": "Parameter",
			"Id": "Param6",
			"Segments": [
				0,
				-5.224,
				1,
				0.078,
				-5.224,
				0.156,
				-5.019,
				0.233,
				-5.019,
				1,
				0.311,
				-5.019,
				0.389,
				-6.112,
				0.467,
				-6.112,
				1,
				0.589,
				-6.112,
				0.711,
				-0.054,
				0.833,
				-0.054,
				1,
				0.967,
				-0.054,
				1.1,
				-8.366,
				1.233,
				-8.366,
				1,
				1.367,
				-8.366,
				1.5,
				9.838,
				1.633,
				9.838,
				1,
				1.756,
				9.838,
				1.878,
				-0.208,
				2,
				-0.208,
				1,
				2.089,
				-0.208,
				2.178,
				4.002,
				2.267,
				4.002,
				1,
				2.422,
				4.002,
				2.578,
				-6.379,
				2.733,
				-6.379,
				1,
				2.844,
				-6.379,
				2.956,
				-3.706,
				3.067,
				-3.706,
				1,
				3.144,
				-3.706,
				3.222,
				-5.677,
				3.3,
				-5.677
			]
		},
		{
			"Target": "Parameter",
			"Id": "Param7",
			"Segments": [
				0,
				-0.097,
				1,
				0.044,
				-0.097,
				0.089,
				0.21,
				0.133,
				0.21,
				1,
				0.167,
				0.21,
				0.2,
				0.131,
				0.233,
				0.131,
				1,
				0.3,
				0.131,
				0.367,
				0.655,
				0.433,
				0.655,
				1,
				0.522,
				0.655,
				0.611,
				-3.089,
				0.7,
				-3.089,
				1,
				0.811,
				-3.089,
				0.922,
				5.804,
				1.033,
				5.804,
				1,
				1.167,
				5.804,
				1.3,
				-10.698,
				1.433,
				-10.698,
				1,
				1.556,
				-10.698,
				1.678,
				14.492,
				1.8,
				14.492,
				1,
				1.922,
				14.492,
				2.044,
				-13.568,
				2.167,
				-13.568,
				1,
				2.278,
				-13.568,
				2.389,
				12.654,
				2.5,
				12.654,
				1,
				2.622,
				12.654,
				2.744,
				-11.038,
				2.867,
				-11.038,
				1,
				2.989,
				-11.038,
				3.111,
				8.572,
				3.233,
				8.572,
				1,
				3.256,
				8.572,
				3.278,
				7.155,
				3.3,
				7.155
			]
		},
		{
			"Target": "Parameter",
			"Id": "Param4",
			"Segments": [
				0,
				-2.095,
				1,
				0.022,
				-2.095,
				0.044,
				-2.094,
				0.067,
				-2.094,
				1,
				0.178,
				-2.094,
				0.289,
				-3.01,
				0.4,
				-3.01,
				1,
				0.511,
				-3.01,
				0.622,
				0.291,
				0.733,
				0.291,
				1,
				0.867,
				0.291,
				1,
				-3.241,
				1.133,
				-3.241,
				1,
				1.3,
				-3.241,
				1.467,
				3.037,
				1.633,
				3.037,
				1,
				1.722,
				3.037,
				1.811,
				-3.533,
				1.9,
				-3.533,
				1,
				2.011,
				-3.533,
				2.122,
				2.119,
				2.233,
				2.119,
				1,
				2.378,
				2.119,
				2.522,
				-3.033,
				2.667,
				-3.033,
				1,
				2.789,
				-3.033,
				2.911,
				-1.333,
				3.033,
				-1.333,
				1,
				3.122,
				-1.333,
				3.211,
				-2.337,
				3.3,
				-2.337
			]
		},
		{
			"Target": "Parameter",
			"Id": "Param5",
			"Segments": [
				0,
				-0.019,
				1,
				0.1,
				-0.019,
				0.2,
				0.298,
				0.3,
				0.298,
				1,
				0.422,
				0.298,
				0.544,
				-1.496,
				0.667,
				-1.496,
				1,
				0.767,
				-1.496,
				0.867,
				2.311,
				0.967,
				2.311,
				1,
				1.1,
				2.311,
				1.233,
				-2.444,
				1.367,
				-2.444,
				1,
				1.522,
				-2.444,
				1.678,
				4.704,
				1.833,
				4.704,
				1,
				1.933,
				4.704,
				2.033,
				-4.812,
				2.133,
				-4.812,
				1,
				2.256,
				-4.812,
				2.378,
				4.099,
				2.5,
				4.099,
				1,
				2.622,
				4.099,
				2.744,
				-2.991,
				2.867,
				-2.991,
				1,
				2.989,
				-2.991,
				3.111,
				1.994,
				3.233,
				1.994,
				1,
				3.256,
				1.994,
				3.278,
				1.795,
				3.3,
				1.795
			]
		},
		{
			"Target": "Parameter",
			"Id": "Param_Angle_Rotation_1_m_h",
			"Segments": [
				0,
				-0.105,
				1,
				0.022,
				-0.105,
				0.044,
				-0.105,
				0.067,
				-0.105,
				1,
				0.144,
				-0.105,
				0.222,
				-0.098,
				0.3,
				-0.098,
				1,
				0.356,
				-0.098,
				0.411,
				-0.103,
				0.467,
				-0.103,
				1,
				0.6,
				-0.103,
				0.733,
				-0.015,
				0.867,
				-0.015,
				1,
				1,
				-0.015,
				1.133,
				-0.135,
				1.267,
				-0.135,
				1,
				1.411,
				-0.135,
				1.556,
				0.101,
				1.7,
				0.101,
				1,
				1.744,
				0.101,
				1.789,
				0.088,
				1.833,
				0.088,
				1,
				1.889,
				0.088,
				1.944,
				0.097,
				2,
				0.097,
				1,
				2.278,
				0.097,
				2.556,
				-0.134,
				2.833,
				-0.134,
				1,
				2.989,
				-0.134,
				3.144,
				-0.096,
				3.3,
				-0.096
			]
		},
		{
			"Target": "Parameter",
			"Id": "Param_Angle_Rotation_2_m_h",
			"Segments": [
				0,
				0,
				1,
				0.089,
				0,
				0.178,
				-0.005,
				0.267,
				-0.005,
				1,
				0.333,
				-0.005,
				0.4,
				0.004,
				0.467,
				0.004,
				1,
				0.556,
				0.004,
				0.644,
				-0.047,
				0.733,
				-0.047,
				1,
				0.878,
				-0.047,
				1.022,
				0.09,
				1.167,
				0.09,
				1,
				1.3,
				0.09,
				1.433,
				-0.175,
				1.567,
				-0.175,
				1,
				1.689,
				-0.175,
				1.811,
				0.092,
				1.933,
				0.092,
				1,
				2.056,
				0.092,
				2.178,
				0.009,
				2.3,
				0.009,
				1,
				2.389,
				0.009,
				2.478,
				0.038,
				2.567,
				0.038,
				1,
				2.722,
				0.038,
				2.878,
				-0.036,
				3.033,
				-0.036,
				1,
				3.122,
				-0.036,
				3.211,
				0.002,
				3.3,
				0.002
			]
		},
		{
			"Target": "Parameter",
			"Id": "Param_Angle_Rotation_3_m_h",
			"Segments": [
				0,
				0.003,
				1,
				0.011,
				0.003,
				0.022,
				0.003,
				0.033,
				0.003,
				1,
				0.156,
				0.003,
				0.278,
				-0.012,
				0.4,
				-0.012,
				1,
				0.456,
				-0.012,
				0.511,
				-0.001,
				0.567,
				-0.001,
				1,
				0.689,
				-0.001,
				0.811,
				-0.124,
				0.933,
				-0.124,
				1,
				1.067,
				-0.124,
				1.2,
				0.312,
				1.333,
				0.312,
				1,
				1.467,
				0.312,
				1.6,
				-0.618,
				1.733,
				-0.618,
				1,
				1.878,
				-0.618,
				2.022,
				0.524,
				2.167,
				0.524,
				1,
				2.311,
				0.524,
				2.456,
				-0.127,
				2.6,
				-0.127,
				1,
				2.7,
				-0.127,
				2.8,
				0.046,
				2.9,
				0.046,
				1,
				3.022,
				0.046,
				3.144,
				-0.12,
				3.267,
				-0.12,
				1,
				3.278,
				-0.12,
				3.289,
				-0.117,
				3.3,
				-0.117
			]
		},
		{
			"Target": "Parameter",
			"Id": "Param_Angle_Rotation_4_m_h",
			"Segments": [
				0,
				0.011,
				1,
				0.022,
				0.011,
				0.044,
				0.013,
				0.067,
				0.013,
				1,
				0.4,
				0.013,
				0.733,
				-0.133,
				1.067,
				-0.133,
				1,
				1.2,
				-0.133,
				1.333,
				0.426,
				1.467,
				0.426,
				1,
				1.611,
				0.426,
				1.756,
				-0.962,
				1.9,
				-0.962,
				1,
				2.044,
				-0.962,
				2.189,
				1.121,
				2.333,
				1.121,
				1,
				2.478,
				1.121,
				2.622,
				-0.625,
				2.767,
				-0.625,
				1,
				2.9,
				-0.625,
				3.033,
				0.252,
				3.167,
				0.252,
				1,
				3.211,
				0.252,
				3.256,
				0.088,
				3.3,
				0.088
			]
		},
		{
			"Target": "Parameter",
			"Id": "Param_Angle_Rotation_5_m_h",
			"Segments": [
				0,
				0.031,
				1,
				0.033,
				0.031,
				0.067,
				0.041,
				0.1,
				0.041,
				1,
				0.3,
				0.041,
				0.5,
				-0.038,
				0.7,
				-0.038,
				1,
				0.733,
				-0.038,
				0.767,
				-0.035,
				0.8,
				-0.035,
				1,
				0.922,
				-0.035,
				1.044,
				-0.15,
				1.167,
				-0.15,
				1,
				1.311,
				-0.15,
				1.456,
				0.585,
				1.6,
				0.585,
				1,
				1.744,
				0.585,
				1.889,
				-1.449,
				2.033,
				-1.449,
				1,
				2.178,
				-1.449,
				2.322,
				1.985,
				2.467,
				1.985,
				1,
				2.611,
				1.985,
				2.756,
				-1.505,
				2.9,
				-1.505,
				1,
				3.033,
				-1.505,
				3.167,
				0.893,
				3.3,
				0.893
			]
		},
		{
			"Target": "Parameter",
			"Id": "Param_Angle_Rotation_6_m_h",
			"Segments": [
				0,
				-0.007,
				1,
				0.067,
				-0.007,
				0.133,
				0.074,
				0.2,
				0.074,
				1,
				0.544,
				0.074,
				0.889,
				-0.158,
				1.233,
				-0.158,
				1,
				1.389,
				-0.158,
				1.544,
				0.674,
				1.7,
				0.674,
				1,
				1.844,
				0.674,
				1.989,
				-2.04,
				2.133,
				-2.04,
				1,
				2.289,
				-2.04,
				2.444,
				2.849,
				2.6,
				2.849,
				1,
				2.744,
				2.849,
				2.889,
				-2.159,
				3.033,
				-2.159,
				1,
				3.122,
				-2.159,
				3.211,
				0.383,
				3.3,
				0.383
			]
		},
		{
			"Target": "Parameter",
			"Id": "Param_Angle_Rotation_7_m_h",
			"Segments": [
				0,
				-0.065,
				1,
				0.089,
				-0.065,
				0.178,
				0.103,
				0.267,
				0.103,
				1,
				0.422,
				0.103,
				0.578,
				-0.057,
				0.733,
				-0.057,
				1,
				0.778,
				-0.057,
				0.822,
				-0.053,
				0.867,
				-0.053,
				1,
				1.033,
				-0.053,
				1.2,
				-0.167,
				1.367,
				-0.167,
				1,
				1.511,
				-0.167,
				1.656,
				0.693,
				1.8,
				0.693,
				1,
				1.944,
				0.693,
				2.089,
				-1.911,
				2.233,
				-1.911,
				1,
				2.378,
				-1.911,
				2.522,
				2.711,
				2.667,
				2.711,
				1,
				2.822,
				2.711,
				2.978,
				-2.31,
				3.133,
				-2.31,
				1,
				3.189,
				-2.31,
				3.244,
				-0.721,
				3.3,
				-0.721
			]
		},
		{
			"Target": "Parameter",
			"Id": "Param_Angle_Rotation_8_m_h",
			"Segments": [
				0,
				-0.283,
				1,
				0.111,
				-0.283,
				0.222,
				0.184,
				0.333,
				0.184,
				1,
				0.522,
				0.184,
				0.711,
				-0.15,
				0.9,
				-0.15,
				1,
				0.956,
				-0.15,
				1.011,
				-0.143,
				1.067,
				-0.143,
				1,
				1.189,
				-0.143,
				1.311,
				-0.194,
				1.433,
				-0.194,
				1,
				1.589,
				-0.194,
				1.744,
				0.991,
				1.9,
				0.991,
				1,
				2.033,
				0.991,
				2.167,
				-2.826,
				2.3,
				-2.826,
				1,
				2.444,
				-2.826,
				2.589,
				3.758,
				2.733,
				3.758,
				1,
				2.9,
				3.758,
				3.067,
				-3.338,
				3.233,
				-3.338,
				1,
				3.256,
				-3.338,
				3.278,
				-2.707,
				3.3,
				-2.707
			]
		},
		{
			"Target": "Parameter",
			"Id": "Param_Angle_Rotation_9_m_h",
			"Segments": [
				0,
				-0.498,
				1,
				0.144,
				-0.498,
				0.289,
				0.259,
				0.433,
				0.259,
				1,
				0.611,
				0.259,
				0.789,
				-0.183,
				0.967,
				-0.183,
				1,
				1.044,
				-0.183,
				1.122,
				-0.157,
				1.2,
				-0.157,
				1,
				1.311,
				-0.157,
				1.422,
				-0.218,
				1.533,
				-0.218,
				1,
				1.678,
				-0.218,
				1.822,
				1.142,
				1.967,
				1.142,
				1,
				2.1,
				1.142,
				2.233,
				-3.037,
				2.367,
				-3.037,
				1,
				2.511,
				-3.037,
				2.656,
				3.68,
				2.8,
				3.68,
				1,
				2.967,
				3.68,
				3.133,
				-3.502,
				3.3,
				-3.502
			]
		},
		{
			"Target": "Parameter",
			"Id": "Param_Angle_Rotation_1_l_m_h",
			"Segments": [
				0,
				-0.105,
				1,
				0.022,
				-0.105,
				0.044,
				-0.105,
				0.067,
				-0.105,
				1,
				0.144,
				-0.105,
				0.222,
				-0.098,
				0.3,
				-0.098,
				1,
				0.356,
				-0.098,
				0.411,
				-0.103,
				0.467,
				-0.103,
				1,
				0.6,
				-0.103,
				0.733,
				-0.015,
				0.867,
				-0.015,
				1,
				1,
				-0.015,
				1.133,
				-0.135,
				1.267,
				-0.135,
				1,
				1.411,
				-0.135,
				1.556,
				0.101,
				1.7,
				0.101,
				1,
				1.744,
				0.101,
				1.789,
				0.088,
				1.833,
				0.088,
				1,
				1.889,
				0.088,
				1.944,
				0.097,
				2,
				0.097,
				1,
				2.278,
				0.097,
				2.556,
				-0.134,
				2.833,
				-0.134,
				1,
				2.989,
				-0.134,
				3.144,
				-0.096,
				3.3,
				-0.096
			]
		},
		{
			"Target": "Parameter",
			"Id": "Param_Angle_Rotation_2_l_m_h",
			"Segments": [
				0,
				-0.105,
				1,
				0.022,
				-0.105,
				0.044,
				-0.105,
				0.067,
				-0.105,
				1,
				0.144,
				-0.105,
				0.222,
				-0.098,
				0.3,
				-0.098,
				1,
				0.356,
				-0.098,
				0.411,
				-0.103,
				0.467,
				-0.103,
				1,
				0.6,
				-0.103,
				0.733,
				-0.015,
				0.867,
				-0.015,
				1,
				1,
				-0.015,
				1.133,
				-0.135,
				1.267,
				-0.135,
				1,
				1.411,
				-0.135,
				1.556,
				0.101,
				1.7,
				0.101,
				1,
				1.744,
				0.101,
				1.789,
				0.088,
				1.833,
				0.088,
				1,
				1.889,
				0.088,
				1.944,
				0.097,
				2,
				0.097,
				1,
				2.278,
				0.097,
				2.556,
				-0.134,
				2.833,
				-0.134,
				1,
				2.989,
				-0.134,
				3.144,
				-0.096,
				3.3,
				-0.096
			]
		},
		{
			"Target": "Parameter",
			"Id": "Param_Angle_Rotation_3_l_m_h",
			"Segments": [
				0,
				0,
				1,
				0.089,
				0,
				0.178,
				-0.005,
				0.267,
				-0.005,
				1,
				0.333,
				-0.005,
				0.4,
				0.004,
				0.467,
				0.004,
				1,
				0.556,
				0.004,
				0.644,
				-0.047,
				0.733,
				-0.047,
				1,
				0.878,
				-0.047,
				1.022,
				0.09,
				1.167,
				0.09,
				1,
				1.3,
				0.09,
				1.433,
				-0.175,
				1.567,
				-0.175,
				1,
				1.689,
				-0.175,
				1.811,
				0.092,
				1.933,
				0.092,
				1,
				2.056,
				0.092,
				2.178,
				0.009,
				2.3,
				0.009,
				1,
				2.389,
				0.009,
				2.478,
				0.038,
				2.567,
				0.038,
				1,
				2.722,
				0.038,
				2.878,
				-0.036,
				3.033,
				-0.036,
				1,
				3.122,
				-0.036,
				3.211,
				0.002,
				3.3,
				0.002
			]
		},
		{
			"Target": "Parameter",
			"Id": "Param_Angle_Rotation_4_l_m_h",
			"Segments": [
				0,
				0.003,
				1,
				0.011,
				0.003,
				0.022,
				0.003,
				0.033,
				0.003,
				1,
				0.156,
				0.003,
				0.278,
				-0.012,
				0.4,
				-0.012,
				1,
				0.456,
				-0.012,
				0.511,
				-0.001,
				0.567,
				-0.001,
				1,
				0.689,
				-0.001,
				0.811,
				-0.124,
				0.933,
				-0.124,
				1,
				1.067,
				-0.124,
				1.2,
				0.312,
				1.333,
				0.312,
				1,
				1.467,
				0.312,
				1.6,
				-0.618,
				1.733,
				-0.618,
				1,
				1.878,
				-0.618,
				2.022,
				0.524,
				2.167,
				0.524,
				1,
				2.311,
				0.524,
				2.456,
				-0.127,
				2.6,
				-0.127,
				1,
				2.7,
				-0.127,
				2.8,
				0.046,
				2.9,
				0.046,
				1,
				3.022,
				0.046,
				3.144,
				-0.12,
				3.267,
				-0.12,
				1,
				3.278,
				-0.12,
				3.289,
				-0.117,
				3.3,
				-0.117
			]
		},
		{
			"Target": "Parameter",
			"Id": "Param_Angle_Rotation_5_l_m_h",
			"Segments": [
				0,
				0.011,
				1,
				0.022,
				0.011,
				0.044,
				0.013,
				0.067,
				0.013,
				1,
				0.4,
				0.013,
				0.733,
				-0.133,
				1.067,
				-0.133,
				1,
				1.2,
				-0.133,
				1.333,
				0.426,
				1.467,
				0.426,
				1,
				1.611,
				0.426,
				1.756,
				-0.962,
				1.9,
				-0.962,
				1,
				2.044,
				-0.962,
				2.189,
				1.121,
				2.333,
				1.121,
				1,
				2.478,
				1.121,
				2.622,
				-0.625,
				2.767,
				-0.625,
				1,
				2.9,
				-0.625,
				3.033,
				0.252,
				3.167,
				0.252,
				1,
				3.211,
				0.252,
				3.256,
				0.088,
				3.3,
				0.088
			]
		},
		{
			"Target": "Parameter",
			"Id": "Param_Angle_Rotation_6_l_m_h",
			"Segments": [
				0,
				0.031,
				1,
				0.033,
				0.031,
				0.067,
				0.041,
				0.1,
				0.041,
				1,
				0.3,
				0.041,
				0.5,
				-0.038,
				0.7,
				-0.038,
				1,
				0.733,
				-0.038,
				0.767,
				-0.035,
				0.8,
				-0.035,
				1,
				0.922,
				-0.035,
				1.044,
				-0.15,
				1.167,
				-0.15,
				1,
				1.311,
				-0.15,
				1.456,
				0.585,
				1.6,
				0.585,
				1,
				1.744,
				0.585,
				1.889,
				-1.449,
				2.033,
				-1.449,
				1,
				2.178,
				-1.449,
				2.322,
				1.985,
				2.467,
				1.985,
				1,
				2.611,
				1.985,
				2.756,
				-1.505,
				2.9,
				-1.505,
				1,
				3.033,
				-1.505,
				3.167,
				0.893,
				3.3,
				0.893
			]
		},
		{
			"Target": "Parameter",
			"Id": "Param_Angle_Rotation_7_l_m_h",
			"Segments": [
				0,
				-0.007,
				1,
				0.067,
				-0.007,
				0.133,
				0.074,
				0.2,
				0.074,
				1,
				0.544,
				0.074,
				0.889,
				-0.158,
				1.233,
				-0.158,
				1,
				1.389,
				-0.158,
				1.544,
				0.674,
				1.7,
				0.674,
				1,
				1.844,
				0.674,
				1.989,
				-2.04,
				2.133,
				-2.04,
				1,
				2.289,
				-2.04,
				2.444,
				2.849,
				2.6,
				2.849,
				1,
				2.744,
				2.849,
				2.889,
				-2.159,
				3.033,
				-2.159,
				1,
				3.122,
				-2.159,
				3.211,
				0.383,
				3.3,
				0.383
			]
		},
		{
			"Target": "Parameter",
			"Id": "Param_Angle_Rotation_8_l_m_h",
			"Segments": [
				0,
				-0.078,
				1,
				0.089,
				-0.078,
				0.178,
				0.123,
				0.267,
				0.123,
				1,
				0.422,
				0.123,
				0.578,
				-0.068,
				0.733,
				-0.068,
				1,
				0.778,
				-0.068,
				0.822,
				-0.064,
				0.867,
				-0.064,
				1,
				1.033,
				-0.064,
				1.2,
				-0.2,
				1.367,
				-0.2,
				1,
				1.511,
				-0.2,
				1.656,
				0.831,
				1.8,
				0.831,
				1,
				1.944,
				0.831,
				2.089,
				-2.293,
				2.233,
				-2.293,
				1,
				2.378,
				-2.293,
				2.522,
				3.254,
				2.667,
				3.254,
				1,
				2.822,
				3.254,
				2.978,
				-2.772,
				3.133,
				-2.772,
				1,
				3.189,
				-2.772,
				3.244,
				-0.866,
				3.3,
				-0.866
			]
		},
		{
			"Target": "Parameter",
			"Id": "Param_Angle_Rotation_9_l_m_h",
			"Segments": [
				0,
				-0.283,
				1,
				0.111,
				-0.283,
				0.222,
				0.184,
				0.333,
				0.184,
				1,
				0.522,
				0.184,
				0.711,
				-0.15,
				0.9,
				-0.15,
				1,
				0.956,
				-0.15,
				1.011,
				-0.143,
				1.067,
				-0.143,
				1,
				1.189,
				-0.143,
				1.311,
				-0.194,
				1.433,
				-0.194,
				1,
				1.589,
				-0.194,
				1.744,
				0.991,
				1.9,
				0.991,
				1,
				2.033,
				0.991,
				2.167,
				-2.826,
				2.3,
				-2.826,
				1,
				2.444,
				-2.826,
				2.589,
				3.758,
				2.733,
				3.758,
				1,
				2.9,
				3.758,
				3.067,
				-3.338,
				3.233,
				-3.338,
				1,
				3.256,
				-3.338,
				3.278,
				-2.707,
				3.3,
				-2.707
			]
		},
		{
			"Target": "Parameter",
			"Id": "Param_Angle_Rotation_1_r_r_h",
			"Segments": [
				0,
				-0.105,
				1,
				0.022,
				-0.105,
				0.044,
				-0.105,
				0.067,
				-0.105,
				1,
				0.144,
				-0.105,
				0.222,
				-0.098,
				0.3,
				-0.098,
				1,
				0.356,
				-0.098,
				0.411,
				-0.103,
				0.467,
				-0.103,
				1,
				0.6,
				-0.103,
				0.733,
				-0.015,
				0.867,
				-0.015,
				1,
				1,
				-0.015,
				1.133,
				-0.135,
				1.267,
				-0.135,
				1,
				1.411,
				-0.135,
				1.556,
				0.101,
				1.7,
				0.101,
				1,
				1.744,
				0.101,
				1.789,
				0.088,
				1.833,
				0.088,
				1,
				1.889,
				0.088,
				1.944,
				0.097,
				2,
				0.097,
				1,
				2.278,
				0.097,
				2.556,
				-0.134,
				2.833,
				-0.134,
				1,
				2.989,
				-0.134,
				3.144,
				-0.096,
				3.3,
				-0.096
			]
		},
		{
			"Target": "Parameter",
			"Id": "Param_Angle_Rotation_2_r_r_h",
			"Segments": [
				0,
				-0.105,
				1,
				0.022,
				-0.105,
				0.044,
				-0.105,
				0.067,
				-0.105,
				1,
				0.144,
				-0.105,
				0.222,
				-0.098,
				0.3,
				-0.098,
				1,
				0.356,
				-0.098,
				0.411,
				-0.103,
				0.467,
				-0.103,
				1,
				0.6,
				-0.103,
				0.733,
				-0.015,
				0.867,
				-0.015,
				1,
				1,
				-0.015,
				1.133,
				-0.135,
				1.267,
				-0.135,
				1,
				1.411,
				-0.135,
				1.556,
				0.101,
				1.7,
				0.101,
				1,
				1.744,
				0.101,
				1.789,
				0.088,
				1.833,
				0.088,
				1,
				1.889,
				0.088,
				1.944,
				0.097,
				2,
				0.097,
				1,
				2.278,
				0.097,
				2.556,
				-0.134,
				2.833,
				-0.134,
				1,
				2.989,
				-0.134,
				3.144,
				-0.096,
				3.3,
				-0.096
			]
		},
		{
			"Target": "Parameter",
			"Id": "Param_Angle_Rotation_3_r_r_h",
			"Segments": [
				0,
				-0.209,
				1,
				0.022,
				-0.209,
				0.044,
				-0.209,
				0.067,
				-0.209,
				1,
				0.144,
				-0.209,
				0.222,
				-0.196,
				0.3,
				-0.196,
				1,
				0.356,
				-0.196,
				0.411,
				-0.206,
				0.467,
				-0.206,
				1,
				0.6,
				-0.206,
				0.733,
				-0.029,
				0.867,
				-0.029,
				1,
				1,
				-0.029,
				1.133,
				-0.27,
				1.267,
				-0.27,
				1,
				1.411,
				-0.27,
				1.556,
				0.201,
				1.7,
				0.201,
				1,
				1.744,
				0.201,
				1.789,
				0.177,
				1.833,
				0.177,
				1,
				1.889,
				0.177,
				1.944,
				0.194,
				2,
				0.194,
				1,
				2.278,
				0.194,
				2.556,
				-0.269,
				2.833,
				-0.269,
				1,
				2.989,
				-0.269,
				3.144,
				-0.192,
				3.3,
				-0.192
			]
		},
		{
			"Target": "Parameter",
			"Id": "Param_Angle_Rotation_4_r_r_h",
			"Segments": [
				0,
				0.001,
				1,
				0.089,
				0.001,
				0.178,
				-0.016,
				0.267,
				-0.016,
				1,
				0.333,
				-0.016,
				0.4,
				0.013,
				0.467,
				0.013,
				1,
				0.556,
				0.013,
				0.644,
				-0.141,
				0.733,
				-0.141,
				1,
				0.878,
				-0.141,
				1.022,
				0.27,
				1.167,
				0.27,
				1,
				1.3,
				0.27,
				1.433,
				-0.524,
				1.567,
				-0.524,
				1,
				1.689,
				-0.524,
				1.811,
				0.275,
				1.933,
				0.275,
				1,
				2.056,
				0.275,
				2.178,
				0.027,
				2.3,
				0.027,
				1,
				2.389,
				0.027,
				2.478,
				0.115,
				2.567,
				0.115,
				1,
				2.722,
				0.115,
				2.878,
				-0.109,
				3.033,
				-0.109,
				1,
				3.122,
				-0.109,
				3.211,
				0.007,
				3.3,
				0.007
			]
		},
		{
			"Target": "Parameter",
			"Id": "Param_Angle_Rotation_5_r_r_h",
			"Segments": [
				0,
				0.004,
				1,
				0.011,
				0.004,
				0.022,
				0.004,
				0.033,
				0.004,
				1,
				0.156,
				0.004,
				0.278,
				-0.016,
				0.4,
				-0.016,
				1,
				0.456,
				-0.016,
				0.511,
				-0.001,
				0.567,
				-0.001,
				1,
				0.689,
				-0.001,
				0.811,
				-0.165,
				0.933,
				-0.165,
				1,
				1.067,
				-0.165,
				1.2,
				0.416,
				1.333,
				0.416,
				1,
				1.467,
				0.416,
				1.6,
				-0.824,
				1.733,
				-0.824,
				1,
				1.878,
				-0.824,
				2.022,
				0.698,
				2.167,
				0.698,
				1,
				2.311,
				0.698,
				2.456,
				-0.169,
				2.6,
				-0.169,
				1,
				2.7,
				-0.169,
				2.8,
				0.062,
				2.9,
				0.062,
				1,
				3.022,
				0.062,
				3.144,
				-0.16,
				3.267,
				-0.16,
				1,
				3.278,
				-0.16,
				3.289,
				-0.157,
				3.3,
				-0.157
			]
		},
		{
			"Target": "Parameter",
			"Id": "Param_Angle_Rotation_6_r_r_h",
			"Segments": [
				0,
				0.014,
				1,
				0.022,
				0.014,
				0.044,
				0.016,
				0.067,
				0.016,
				1,
				0.4,
				0.016,
				0.733,
				-0.166,
				1.067,
				-0.166,
				1,
				1.2,
				-0.166,
				1.333,
				0.533,
				1.467,
				0.533,
				1,
				1.611,
				0.533,
				1.756,
				-1.203,
				1.9,
				-1.203,
				1,
				2.044,
				-1.203,
				2.189,
				1.402,
				2.333,
				1.402,
				1,
				2.478,
				1.402,
				2.622,
				-0.781,
				2.767,
				-0.781,
				1,
				2.9,
				-0.781,
				3.033,
				0.316,
				3.167,
				0.316,
				1,
				3.211,
				0.316,
				3.256,
				0.11,
				3.3,
				0.11
			]
		},
		{
			"Target": "Parameter",
			"Id": "Param_Angle_Rotation_7_r_r_h",
			"Segments": [
				0,
				0.031,
				1,
				0.033,
				0.031,
				0.067,
				0.041,
				0.1,
				0.041,
				1,
				0.3,
				0.041,
				0.5,
				-0.038,
				0.7,
				-0.038,
				1,
				0.733,
				-0.038,
				0.767,
				-0.035,
				0.8,
				-0.035,
				1,
				0.922,
				-0.035,
				1.044,
				-0.15,
				1.167,
				-0.15,
				1,
				1.311,
				-0.15,
				1.456,
				0.585,
				1.6,
				0.585,
				1,
				1.744,
				0.585,
				1.889,
				-1.449,
				2.033,
				-1.449,
				1,
				2.178,
				-1.449,
				2.322,
				1.985,
				2.467,
				1.985,
				1,
				2.611,
				1.985,
				2.756,
				-1.505,
				2.9,
				-1.505,
				1,
				3.033,
				-1.505,
				3.167,
				0.893,
				3.3,
				0.893
			]
		},
		{
			"Target": "Parameter",
			"Id": "Param_Angle_Rotation_8_r_r_h",
			"Segments": [
				0,
				-0.007,
				1,
				0.067,
				-0.007,
				0.133,
				0.074,
				0.2,
				0.074,
				1,
				0.544,
				0.074,
				0.889,
				-0.158,
				1.233,
				-0.158,
				1,
				1.389,
				-0.158,
				1.544,
				0.674,
				1.7,
				0.674,
				1,
				1.844,
				0.674,
				1.989,
				-2.04,
				2.133,
				-2.04,
				1,
				2.289,
				-2.04,
				2.444,
				2.849,
				2.6,
				2.849,
				1,
				2.744,
				2.849,
				2.889,
				-2.159,
				3.033,
				-2.159,
				1,
				3.122,
				-2.159,
				3.211,
				0.383,
				3.3,
				0.383
			]
		},
		{
			"Target": "Parameter",
			"Id": "Param_Angle_Rotation_9_r_r_h",
			"Segments": [
				0,
				-0.078,
				1,
				0.089,
				-0.078,
				0.178,
				0.123,
				0.267,
				0.123,
				1,
				0.422,
				0.123,
				0.578,
				-0.068,
				0.733,
				-0.068,
				1,
				0.778,
				-0.068,
				0.822,
				-0.064,
				0.867,
				-0.064,
				1,
				1.033,
				-0.064,
				1.2,
				-0.2,
				1.367,
				-0.2,
				1,
				1.511,
				-0.2,
				1.656,
				0.831,
				1.8,
				0.831,
				1,
				1.944,
				0.831,
				2.089,
				-2.293,
				2.233,
				-2.293,
				1,
				2.378,
				-2.293,
				2.522,
				3.254,
				2.667,
				3.254,
				1,
				2.822,
				3.254,
				2.978,
				-2.772,
				3.133,
				-2.772,
				1,
				3.189,
				-2.772,
				3.244,
				-0.866,
				3.3,
				-0.866
			]
		},
		{
			"Target": "Parameter",
			"Id": "Param_Angle_Rotation_10_r_r_h",
			"Segments": [
				0,
				-0.283,
				1,
				0.111,
				-0.283,
				0.222,
				0.184,
				0.333,
				0.184,
				1,
				0.522,
				0.184,
				0.711,
				-0.15,
				0.9,
				-0.15,
				1,
				0.956,
				-0.15,
				1.011,
				-0.143,
				1.067,
				-0.143,
				1,
				1.189,
				-0.143,
				1.311,
				-0.194,
				1.433,
				-0.194,
				1,
				1.589,
				-0.194,
				1.744,
				0.991,
				1.9,
				0.991,
				1,
				2.033,
				0.991,
				2.167,
				-2.826,
				2.3,
				-2.826,
				1,
				2.444,
				-2.826,
				2.589,
				3.758,
				2.733,
				3.758,
				1,
				2.9,
				3.758,
				3.067,
				-3.338,
				3.233,
				-3.338,
				1,
				3.256,
				-3.338,
				3.278,
				-2.707,
				3.3,
				-2.707
			]
		},
		{
			"Target": "Parameter",
			"Id": "Param_Angle_Rotation_11_r_r_h",
			"Segments": [
				0,
				-0.498,
				1,
				0.144,
				-0.498,
				0.289,
				0.259,
				0.433,
				0.259,
				1,
				0.611,
				0.259,
				0.789,
				-0.183,
				0.967,
				-0.183,
				1,
				1.044,
				-0.183,
				1.122,
				-0.157,
				1.2,
				-0.157,
				1,
				1.311,
				-0.157,
				1.422,
				-0.218,
				1.533,
				-0.218,
				1,
				1.678,
				-0.218,
				1.822,
				1.142,
				1.967,
				1.142,
				1,
				2.1,
				1.142,
				2.233,
				-3.037,
				2.367,
				-3.037,
				1,
				2.511,
				-3.037,
				2.656,
				3.68,
				2.8,
				3.68,
				1,
				2.967,
				3.68,
				3.133,
				-3.502,
				3.3,
				-3.502
			]
		},
		{
			"Target": "Parameter",
			"Id": "Param_Angle_Rotation_1_l_l_h",
			"Segments": [
				0,
				-0.105,
				1,
				0.022,
				-0.105,
				0.044,
				-0.105,
				0.067,
				-0.105,
				1,
				0.144,
				-0.105,
				0.222,
				-0.098,
				0.3,
				-0.098,
				1,
				0.356,
				-0.098,
				0.411,
				-0.103,
				0.467,
				-0.103,
				1,
				0.6,
				-0.103,
				0.733,
				-0.015,
				0.867,
				-0.015,
				1,
				1,
				-0.015,
				1.133,
				-0.135,
				1.267,
				-0.135,
				1,
				1.411,
				-0.135,
				1.556,
				0.101,
				1.7,
				0.101,
				1,
				1.744,
				0.101,
				1.789,
				0.088,
				1.833,
				0.088,
				1,
				1.889,
				0.088,
				1.944,
				0.097,
				2,
				0.097,
				1,
				2.278,
				0.097,
				2.556,
				-0.134,
				2.833,
				-0.134,
				1,
				2.989,
				-0.134,
				3.144,
				-0.096,
				3.3,
				-0.096
			]
		},
		{
			"Target": "Parameter",
			"Id": "Param_Angle_Rotation_2_l_l_h",
			"Segments": [
				0,
				-0.105,
				1,
				0.022,
				-0.105,
				0.044,
				-0.105,
				0.067,
				-0.105,
				1,
				0.144,
				-0.105,
				0.222,
				-0.098,
				0.3,
				-0.098,
				1,
				0.356,
				-0.098,
				0.411,
				-0.103,
				0.467,
				-0.103,
				1,
				0.6,
				-0.103,
				0.733,
				-0.015,
				0.867,
				-0.015,
				1,
				1,
				-0.015,
				1.133,
				-0.135,
				1.267,
				-0.135,
				1,
				1.411,
				-0.135,
				1.556,
				0.101,
				1.7,
				0.101,
				1,
				1.744,
				0.101,
				1.789,
				0.088,
				1.833,
				0.088,
				1,
				1.889,
				0.088,
				1.944,
				0.097,
				2,
				0.097,
				1,
				2.278,
				0.097,
				2.556,
				-0.134,
				2.833,
				-0.134,
				1,
				2.989,
				-0.134,
				3.144,
				-0.096,
				3.3,
				-0.096
			]
		},
		{
			"Target": "Parameter",
			"Id": "Param_Angle_Rotation_3_l_l_h",
			"Segments": [
				0,
				0,
				1,
				0.089,
				0,
				0.178,
				-0.005,
				0.267,
				-0.005,
				1,
				0.333,
				-0.005,
				0.4,
				0.004,
				0.467,
				0.004,
				1,
				0.556,
				0.004,
				0.644,
				-0.047,
				0.733,
				-0.047,
				1,
				0.878,
				-0.047,
				1.022,
				0.09,
				1.167,
				0.09,
				1,
				1.3,
				0.09,
				1.433,
				-0.175,
				1.567,
				-0.175,
				1,
				1.689,
				-0.175,
				1.811,
				0.092,
				1.933,
				0.092,
				1,
				2.056,
				0.092,
				2.178,
				0.009,
				2.3,
				0.009,
				1,
				2.389,
				0.009,
				2.478,
				0.038,
				2.567,
				0.038,
				1,
				2.722,
				0.038,
				2.878,
				-0.036,
				3.033,
				-0.036,
				1,
				3.122,
				-0.036,
				3.211,
				0.002,
				3.3,
				0.002
			]
		},
		{
			"Target": "Parameter",
			"Id": "Param_Angle_Rotation_4_l_l_h",
			"Segments": [
				0,
				0.003,
				1,
				0.011,
				0.003,
				0.022,
				0.003,
				0.033,
				0.003,
				1,
				0.156,
				0.003,
				0.278,
				-0.012,
				0.4,
				-0.012,
				1,
				0.456,
				-0.012,
				0.511,
				-0.001,
				0.567,
				-0.001,
				1,
				0.689,
				-0.001,
				0.811,
				-0.124,
				0.933,
				-0.124,
				1,
				1.067,
				-0.124,
				1.2,
				0.312,
				1.333,
				0.312,
				1,
				1.467,
				0.312,
				1.6,
				-0.618,
				1.733,
				-0.618,
				1,
				1.878,
				-0.618,
				2.022,
				0.524,
				2.167,
				0.524,
				1,
				2.311,
				0.524,
				2.456,
				-0.127,
				2.6,
				-0.127,
				1,
				2.7,
				-0.127,
				2.8,
				0.046,
				2.9,
				0.046,
				1,
				3.022,
				0.046,
				3.144,
				-0.12,
				3.267,
				-0.12,
				1,
				3.278,
				-0.12,
				3.289,
				-0.117,
				3.3,
				-0.117
			]
		},
		{
			"Target": "Parameter",
			"Id": "Param_Angle_Rotation_5_l_l_h",
			"Segments": [
				0,
				0.011,
				1,
				0.022,
				0.011,
				0.044,
				0.013,
				0.067,
				0.013,
				1,
				0.4,
				0.013,
				0.733,
				-0.133,
				1.067,
				-0.133,
				1,
				1.2,
				-0.133,
				1.333,
				0.426,
				1.467,
				0.426,
				1,
				1.611,
				0.426,
				1.756,
				-0.962,
				1.9,
				-0.962,
				1,
				2.044,
				-0.962,
				2.189,
				1.121,
				2.333,
				1.121,
				1,
				2.478,
				1.121,
				2.622,
				-0.625,
				2.767,
				-0.625,
				1,
				2.9,
				-0.625,
				3.033,
				0.252,
				3.167,
				0.252,
				1,
				3.211,
				0.252,
				3.256,
				0.088,
				3.3,
				0.088
			]
		},
		{
			"Target": "Parameter",
			"Id": "Param_Angle_Rotation_6_l_l_h",
			"Segments": [
				0,
				0.031,
				1,
				0.033,
				0.031,
				0.067,
				0.041,
				0.1,
				0.041,
				1,
				0.3,
				0.041,
				0.5,
				-0.038,
				0.7,
				-0.038,
				1,
				0.733,
				-0.038,
				0.767,
				-0.035,
				0.8,
				-0.035,
				1,
				0.922,
				-0.035,
				1.044,
				-0.15,
				1.167,
				-0.15,
				1,
				1.311,
				-0.15,
				1.456,
				0.585,
				1.6,
				0.585,
				1,
				1.744,
				0.585,
				1.889,
				-1.449,
				2.033,
				-1.449,
				1,
				2.178,
				-1.449,
				2.322,
				1.985,
				2.467,
				1.985,
				1,
				2.611,
				1.985,
				2.756,
				-1.505,
				2.9,
				-1.505,
				1,
				3.033,
				-1.505,
				3.167,
				0.893,
				3.3,
				0.893
			]
		},
		{
			"Target": "Parameter",
			"Id": "Param_Angle_Rotation_7_l_l_h",
			"Segments": [
				0,
				-0.007,
				1,
				0.067,
				-0.007,
				0.133,
				0.074,
				0.2,
				0.074,
				1,
				0.544,
				0.074,
				0.889,
				-0.158,
				1.233,
				-0.158,
				1,
				1.389,
				-0.158,
				1.544,
				0.674,
				1.7,
				0.674,
				1,
				1.844,
				0.674,
				1.989,
				-2.04,
				2.133,
				-2.04,
				1,
				2.289,
				-2.04,
				2.444,
				2.849,
				2.6,
				2.849,
				1,
				2.744,
				2.849,
				2.889,
				-2.159,
				3.033,
				-2.159,
				1,
				3.122,
				-2.159,
				3.211,
				0.383,
				3.3,
				0.383
			]
		},
		{
			"Target": "Parameter",
			"Id": "Param_Angle_Rotation_8_l_l_h",
			"Segments": [
				0,
				-0.065,
				1,
				0.089,
				-0.065,
				0.178,
				0.103,
				0.267,
				0.103,
				1,
				0.422,
				0.103,
				0.578,
				-0.057,
				0.733,
				-0.057,
				1,
				0.778,
				-0.057,
				0.822,
				-0.053,
				0.867,
				-0.053,
				1,
				1.033,
				-0.053,
				1.2,
				-0.167,
				1.367,
				-0.167,
				1,
				1.511,
				-0.167,
				1.656,
				0.693,
				1.8,
				0.693,
				1,
				1.944,
				0.693,
				2.089,
				-1.911,
				2.233,
				-1.911,
				1,
				2.378,
				-1.911,
				2.522,
				2.711,
				2.667,
				2.711,
				1,
				2.822,
				2.711,
				2.978,
				-2.31,
				3.133,
				-2.31,
				1,
				3.189,
				-2.31,
				3.244,
				-0.721,
				3.3,
				-0.721
			]
		},
		{
			"Target": "Parameter",
			"Id": "Param_Angle_Rotation_9_l_l_h",
			"Segments": [
				0,
				-0.236,
				1,
				0.111,
				-0.236,
				0.222,
				0.153,
				0.333,
				0.153,
				1,
				0.522,
				0.153,
				0.711,
				-0.125,
				0.9,
				-0.125,
				1,
				0.956,
				-0.125,
				1.011,
				-0.119,
				1.067,
				-0.119,
				1,
				1.189,
				-0.119,
				1.311,
				-0.161,
				1.433,
				-0.161,
				1,
				1.589,
				-0.161,
				1.744,
				0.826,
				1.9,
				0.826,
				1,
				2.033,
				0.826,
				2.167,
				-2.355,
				2.3,
				-2.355,
				1,
				2.444,
				-2.355,
				2.589,
				3.132,
				2.733,
				3.132,
				1,
				2.9,
				3.132,
				3.067,
				-2.782,
				3.233,
				-2.782,
				1,
				3.256,
				-2.782,
				3.278,
				-2.256,
				3.3,
				-2.256
			]
		},
		{
			"Target": "Parameter",
			"Id": "Param_Angle_Rotation_10_l_l_h",
			"Segments": [
				0,
				-0.498,
				1,
				0.144,
				-0.498,
				0.289,
				0.259,
				0.433,
				0.259,
				1,
				0.611,
				0.259,
				0.789,
				-0.183,
				0.967,
				-0.183,
				1,
				1.044,
				-0.183,
				1.122,
				-0.157,
				1.2,
				-0.157,
				1,
				1.311,
				-0.157,
				1.422,
				-0.218,
				1.533,
				-0.218,
				1,
				1.678,
				-0.218,
				1.822,
				1.142,
				1.967,
				1.142,
				1,
				2.1,
				1.142,
				2.233,
				-3.037,
				2.367,
				-3.037,
				1,
				2.511,
				-3.037,
				2.656,
				3.68,
				2.8,
				3.68,
				1,
				2.967,
				3.68,
				3.133,
				-3.502,
				3.3,
				-3.502
			]
		},
		{
			"Target": "Parameter",
			"Id": "Param_Angle_Rotation_11_l_l_h",
			"Segments": [
				0,
				-0.498,
				1,
				0.144,
				-0.498,
				0.289,
				0.259,
				0.433,
				0.259,
				1,
				0.611,
				0.259,
				0.789,
				-0.183,
				0.967,
				-0.183,
				1,
				1.044,
				-0.183,
				1.122,
				-0.157,
				1.2,
				-0.157,
				1,
				1.311,
				-0.157,
				1.422,
				-0.218,
				1.533,
				-0.218,
				1,
				1.678,
				-0.218,
				1.822,
				1.142,
				1.967,
				1.142,
				1,
				2.1,
				1.142,
				2.233,
				-3.037,
				2.367,
				-3.037,
				1,
				2.511,
				-3.037,
				2.656,
				3.68,
				2.8,
				3.68,
				1,
				2.967,
				3.68,
				3.133,
				-3.502,
				3.3,
				-3.502
			]
		},
		{
			"Target": "Parameter",
			"Id": "Param_Angle_Rotation_1_rr_h",
			"Segments": [
				0,
				-0.105,
				1,
				0.022,
				-0.105,
				0.044,
				-0.105,
				0.067,
				-0.105,
				1,
				0.144,
				-0.105,
				0.222,
				-0.098,
				0.3,
				-0.098,
				1,
				0.356,
				-0.098,
				0.411,
				-0.103,
				0.467,
				-0.103,
				1,
				0.6,
				-0.103,
				0.733,
				-0.015,
				0.867,
				-0.015,
				1,
				1,
				-0.015,
				1.133,
				-0.135,
				1.267,
				-0.135,
				1,
				1.411,
				-0.135,
				1.556,
				0.101,
				1.7,
				0.101,
				1,
				1.744,
				0.101,
				1.789,
				0.088,
				1.833,
				0.088,
				1,
				1.889,
				0.088,
				1.944,
				0.097,
				2,
				0.097,
				1,
				2.278,
				0.097,
				2.556,
				-0.134,
				2.833,
				-0.134,
				1,
				2.989,
				-0.134,
				3.144,
				-0.096,
				3.3,
				-0.096
			]
		},
		{
			"Target": "Parameter",
			"Id": "Param_Angle_Rotation_2_rr_h",
			"Segments": [
				0,
				-0.105,
				1,
				0.022,
				-0.105,
				0.044,
				-0.105,
				0.067,
				-0.105,
				1,
				0.144,
				-0.105,
				0.222,
				-0.098,
				0.3,
				-0.098,
				1,
				0.356,
				-0.098,
				0.411,
				-0.103,
				0.467,
				-0.103,
				1,
				0.6,
				-0.103,
				0.733,
				-0.015,
				0.867,
				-0.015,
				1,
				1,
				-0.015,
				1.133,
				-0.135,
				1.267,
				-0.135,
				1,
				1.411,
				-0.135,
				1.556,
				0.101,
				1.7,
				0.101,
				1,
				1.744,
				0.101,
				1.789,
				0.088,
				1.833,
				0.088,
				1,
				1.889,
				0.088,
				1.944,
				0.097,
				2,
				0.097,
				1,
				2.278,
				0.097,
				2.556,
				-0.134,
				2.833,
				-0.134,
				1,
				2.989,
				-0.134,
				3.144,
				-0.096,
				3.3,
				-0.096
			]
		},
		{
			"Target": "Parameter",
			"Id": "Param_Angle_Rotation_3_rr_h",
			"Segments": [
				0,
				0,
				1,
				0.089,
				0,
				0.178,
				-0.005,
				0.267,
				-0.005,
				1,
				0.333,
				-0.005,
				0.4,
				0.004,
				0.467,
				0.004,
				1,
				0.556,
				0.004,
				0.644,
				-0.047,
				0.733,
				-0.047,
				1,
				0.878,
				-0.047,
				1.022,
				0.09,
				1.167,
				0.09,
				1,
				1.3,
				0.09,
				1.433,
				-0.175,
				1.567,
				-0.175,
				1,
				1.689,
				-0.175,
				1.811,
				0.092,
				1.933,
				0.092,
				1,
				2.056,
				0.092,
				2.178,
				0.009,
				2.3,
				0.009,
				1,
				2.389,
				0.009,
				2.478,
				0.038,
				2.567,
				0.038,
				1,
				2.722,
				0.038,
				2.878,
				-0.036,
				3.033,
				-0.036,
				1,
				3.122,
				-0.036,
				3.211,
				0.002,
				3.3,
				0.002
			]
		},
		{
			"Target": "Parameter",
			"Id": "Param_Angle_Rotation_4_rr_h",
			"Segments": [
				0,
				0.001,
				1,
				0.011,
				0.001,
				0.022,
				0.001,
				0.033,
				0.001,
				1,
				0.156,
				0.001,
				0.278,
				-0.004,
				0.4,
				-0.004,
				1,
				0.456,
				-0.004,
				0.511,
				0,
				0.567,
				0,
				1,
				0.689,
				0,
				0.811,
				-0.041,
				0.933,
				-0.041,
				1,
				1.067,
				-0.041,
				1.2,
				0.104,
				1.333,
				0.104,
				1,
				1.467,
				0.104,
				1.6,
				-0.206,
				1.733,
				-0.206,
				1,
				1.878,
				-0.206,
				2.022,
				0.175,
				2.167,
				0.175,
				1,
				2.311,
				0.175,
				2.456,
				-0.042,
				2.6,
				-0.042,
				1,
				2.7,
				-0.042,
				2.8,
				0.015,
				2.9,
				0.015,
				1,
				3.022,
				0.015,
				3.144,
				-0.04,
				3.267,
				-0.04,
				1,
				3.278,
				-0.04,
				3.289,
				-0.039,
				3.3,
				-0.039
			]
		},
		{
			"Target": "Parameter",
			"Id": "Param_Angle_Rotation_5_rr_h",
			"Segments": [
				0,
				0.003,
				1,
				0.022,
				0.003,
				0.044,
				0.003,
				0.067,
				0.003,
				1,
				0.4,
				0.003,
				0.733,
				-0.033,
				1.067,
				-0.033,
				1,
				1.2,
				-0.033,
				1.333,
				0.107,
				1.467,
				0.107,
				1,
				1.611,
				0.107,
				1.756,
				-0.241,
				1.9,
				-0.241,
				1,
				2.044,
				-0.241,
				2.189,
				0.28,
				2.333,
				0.28,
				1,
				2.478,
				0.28,
				2.622,
				-0.156,
				2.767,
				-0.156,
				1,
				2.9,
				-0.156,
				3.033,
				0.063,
				3.167,
				0.063,
				1,
				3.211,
				0.063,
				3.256,
				0.022,
				3.3,
				0.022
			]
		},
		{
			"Target": "Parameter",
			"Id": "Param_Angle_Rotation_6_rr_h",
			"Segments": [
				0,
				0.031,
				1,
				0.033,
				0.031,
				0.067,
				0.041,
				0.1,
				0.041,
				1,
				0.3,
				0.041,
				0.5,
				-0.038,
				0.7,
				-0.038,
				1,
				0.733,
				-0.038,
				0.767,
				-0.035,
				0.8,
				-0.035,
				1,
				0.922,
				-0.035,
				1.044,
				-0.15,
				1.167,
				-0.15,
				1,
				1.311,
				-0.15,
				1.456,
				0.585,
				1.6,
				0.585,
				1,
				1.744,
				0.585,
				1.889,
				-1.449,
				2.033,
				-1.449,
				1,
				2.178,
				-1.449,
				2.322,
				1.985,
				2.467,
				1.985,
				1,
				2.611,
				1.985,
				2.756,
				-1.505,
				2.9,
				-1.505,
				1,
				3.033,
				-1.505,
				3.167,
				0.893,
				3.3,
				0.893
			]
		},
		{
			"Target": "Parameter",
			"Id": "Param_Angle_Rotation_7_rr_h",
			"Segments": [
				0,
				-0.008,
				1,
				0.067,
				-0.008,
				0.133,
				0.088,
				0.2,
				0.088,
				1,
				0.544,
				0.088,
				0.889,
				-0.19,
				1.233,
				-0.19,
				1,
				1.389,
				-0.19,
				1.544,
				0.808,
				1.7,
				0.808,
				1,
				1.844,
				0.808,
				1.989,
				-2.448,
				2.133,
				-2.448,
				1,
				2.289,
				-2.448,
				2.444,
				3.418,
				2.6,
				3.418,
				1,
				2.744,
				3.418,
				2.889,
				-2.591,
				3.033,
				-2.591,
				1,
				3.122,
				-2.591,
				3.211,
				0.459,
				3.3,
				0.459
			]
		},
		{
			"Target": "Parameter",
			"Id": "Param_Angle_Rotation_8_rr_h",
			"Segments": [
				0,
				-0.078,
				1,
				0.089,
				-0.078,
				0.178,
				0.123,
				0.267,
				0.123,
				1,
				0.422,
				0.123,
				0.578,
				-0.068,
				0.733,
				-0.068,
				1,
				0.778,
				-0.068,
				0.822,
				-0.064,
				0.867,
				-0.064,
				1,
				1.033,
				-0.064,
				1.2,
				-0.2,
				1.367,
				-0.2,
				1,
				1.511,
				-0.2,
				1.656,
				0.831,
				1.8,
				0.831,
				1,
				1.944,
				0.831,
				2.089,
				-2.293,
				2.233,
				-2.293,
				1,
				2.378,
				-2.293,
				2.522,
				3.254,
				2.667,
				3.254,
				1,
				2.822,
				3.254,
				2.978,
				-2.772,
				3.133,
				-2.772,
				1,
				3.189,
				-2.772,
				3.244,
				-0.866,
				3.3,
				-0.866
			]
		},
		{
			"Target": "Parameter",
			"Id": "Param_Angle_Rotation_9_rr_h",
			"Segments": [
				0,
				-0.283,
				1,
				0.111,
				-0.283,
				0.222,
				0.184,
				0.333,
				0.184,
				1,
				0.522,
				0.184,
				0.711,
				-0.15,
				0.9,
				-0.15,
				1,
				0.956,
				-0.15,
				1.011,
				-0.143,
				1.067,
				-0.143,
				1,
				1.189,
				-0.143,
				1.311,
				-0.194,
				1.433,
				-0.194,
				1,
				1.589,
				-0.194,
				1.744,
				0.991,
				1.9,
				0.991,
				1,
				2.033,
				0.991,
				2.167,
				-2.826,
				2.3,
				-2.826,
				1,
				2.444,
				-2.826,
				2.589,
				3.758,
				2.733,
				3.758,
				1,
				2.9,
				3.758,
				3.067,
				-3.338,
				3.233,
				-3.338,
				1,
				3.256,
				-3.338,
				3.278,
				-2.707,
				3.3,
				-2.707
			]
		},
		{
			"Target": "Parameter",
			"Id": "Param_Angle_Rotation_10_rr_h",
			"Segments": [
				0,
				-0.498,
				1,
				0.144,
				-0.498,
				0.289,
				0.259,
				0.433,
				0.259,
				1,
				0.611,
				0.259,
				0.789,
				-0.183,
				0.967,
				-0.183,
				1,
				1.044,
				-0.183,
				1.122,
				-0.157,
				1.2,
				-0.157,
				1,
				1.311,
				-0.157,
				1.422,
				-0.218,
				1.533,
				-0.218,
				1,
				1.678,
				-0.218,
				1.822,
				1.142,
				1.967,
				1.142,
				1,
				2.1,
				1.142,
				2.233,
				-3.037,
				2.367,
				-3.037,
				1,
				2.511,
				-3.037,
				2.656,
				3.68,
				2.8,
				3.68,
				1,
				2.967,
				3.68,
				3.133,
				-3.502,
				3.3,
				-3.502
			]
		},
		{
			"Target": "Parameter",
			"Id": "Param_Angle_Rotation_11_rr_h",
			"Segments": [
				0,
				-0.498,
				1,
				0.144,
				-0.498,
				0.289,
				0.259,
				0.433,
				0.259,
				1,
				0.611,
				0.259,
				0.789,
				-0.183,
				0.967,
				-0.183,
				1,
				1.044,
				-0.183,
				1.122,
				-0.157,
				1.2,
				-0.157,
				1,
				1.311,
				-0.157,
				1.422,
				-0.218,
				1.533,
				-0.218,
				1,
				1.678,
				-0.218,
				1.822,
				1.142,
				1.967,
				1.142,
				1,
				2.1,
				1.142,
				2.233,
				-3.037,
				2.367,
				-3.037,
				1,
				2.511,
				-3.037,
				2.656,
				3.68,
				2.8,
				3.68,
				1,
				2.967,
				3.68,
				3.133,
				-3.502,
				3.3,
				-3.502
			]
		},
		{
			"Target": "Parameter",
			"Id": "Param_Angle_Rotation_1_shadow_m",
			"Segments": [
				0,
				-0.105,
				1,
				0.022,
				-0.105,
				0.044,
				-0.105,
				0.067,
				-0.105,
				1,
				0.144,
				-0.105,
				0.222,
				-0.098,
				0.3,
				-0.098,
				1,
				0.356,
				-0.098,
				0.411,
				-0.103,
				0.467,
				-0.103,
				1,
				0.6,
				-0.103,
				0.733,
				-0.015,
				0.867,
				-0.015,
				1,
				1,
				-0.015,
				1.133,
				-0.135,
				1.267,
				-0.135,
				1,
				1.411,
				-0.135,
				1.556,
				0.101,
				1.7,
				0.101,
				1,
				1.744,
				0.101,
				1.789,
				0.088,
				1.833,
				0.088,
				1,
				1.889,
				0.088,
				1.944,
				0.097,
				2,
				0.097,
				1,
				2.278,
				0.097,
				2.556,
				-0.134,
				2.833,
				-0.134,
				1,
				2.989,
				-0.134,
				3.144,
				-0.096,
				3.3,
				-0.096
			]
		},
		{
			"Target": "Parameter",
			"Id": "Param_Angle_Rotation_2_shadow_m",
			"Segments": [
				0,
				-0.105,
				1,
				0.022,
				-0.105,
				0.044,
				-0.105,
				0.067,
				-0.105,
				1,
				0.144,
				-0.105,
				0.222,
				-0.098,
				0.3,
				-0.098,
				1,
				0.356,
				-0.098,
				0.411,
				-0.103,
				0.467,
				-0.103,
				1,
				0.6,
				-0.103,
				0.733,
				-0.015,
				0.867,
				-0.015,
				1,
				1,
				-0.015,
				1.133,
				-0.135,
				1.267,
				-0.135,
				1,
				1.411,
				-0.135,
				1.556,
				0.101,
				1.7,
				0.101,
				1,
				1.744,
				0.101,
				1.789,
				0.088,
				1.833,
				0.088,
				1,
				1.889,
				0.088,
				1.944,
				0.097,
				2,
				0.097,
				1,
				2.278,
				0.097,
				2.556,
				-0.134,
				2.833,
				-0.134,
				1,
				2.989,
				-0.134,
				3.144,
				-0.096,
				3.3,
				-0.096
			]
		},
		{
			"Target": "Parameter",
			"Id": "Param_Angle_Rotation_3_shadow_m",
			"Segments": [
				0,
				0,
				1,
				0.089,
				0,
				0.178,
				-0.005,
				0.267,
				-0.005,
				1,
				0.333,
				-0.005,
				0.4,
				0.004,
				0.467,
				0.004,
				1,
				0.556,
				0.004,
				0.644,
				-0.047,
				0.733,
				-0.047,
				1,
				0.878,
				-0.047,
				1.022,
				0.09,
				1.167,
				0.09,
				1,
				1.3,
				0.09,
				1.433,
				-0.175,
				1.567,
				-0.175,
				1,
				1.689,
				-0.175,
				1.811,
				0.092,
				1.933,
				0.092,
				1,
				2.056,
				0.092,
				2.178,
				0.009,
				2.3,
				0.009,
				1,
				2.389,
				0.009,
				2.478,
				0.038,
				2.567,
				0.038,
				1,
				2.722,
				0.038,
				2.878,
				-0.036,
				3.033,
				-0.036,
				1,
				3.122,
				-0.036,
				3.211,
				0.002,
				3.3,
				0.002
			]
		},
		{
			"Target": "Parameter",
			"Id": "Param_Angle_Rotation_4_shadow_m",
			"Segments": [
				0,
				0.004,
				1,
				0.011,
				0.004,
				0.022,
				0.004,
				0.033,
				0.004,
				1,
				0.156,
				0.004,
				0.278,
				-0.016,
				0.4,
				-0.016,
				1,
				0.456,
				-0.016,
				0.511,
				-0.001,
				0.567,
				-0.001,
				1,
				0.689,
				-0.001,
				0.811,
				-0.165,
				0.933,
				-0.165,
				1,
				1.067,
				-0.165,
				1.2,
				0.416,
				1.333,
				0.416,
				1,
				1.467,
				0.416,
				1.6,
				-0.824,
				1.733,
				-0.824,
				1,
				1.878,
				-0.824,
				2.022,
				0.698,
				2.167,
				0.698,
				1,
				2.311,
				0.698,
				2.456,
				-0.169,
				2.6,
				-0.169,
				1,
				2.7,
				-0.169,
				2.8,
				0.062,
				2.9,
				0.062,
				1,
				3.022,
				0.062,
				3.144,
				-0.16,
				3.267,
				-0.16,
				1,
				3.278,
				-0.16,
				3.289,
				-0.157,
				3.3,
				-0.157
			]
		},
		{
			"Target": "Parameter",
			"Id": "Param_Angle_Rotation_5_shadow_m",
			"Segments": [
				0,
				0.014,
				1,
				0.022,
				0.014,
				0.044,
				0.016,
				0.067,
				0.016,
				1,
				0.4,
				0.016,
				0.733,
				-0.166,
				1.067,
				-0.166,
				1,
				1.2,
				-0.166,
				1.333,
				0.533,
				1.467,
				0.533,
				1,
				1.611,
				0.533,
				1.756,
				-1.203,
				1.9,
				-1.203,
				1,
				2.044,
				-1.203,
				2.189,
				1.402,
				2.333,
				1.402,
				1,
				2.478,
				1.402,
				2.622,
				-0.781,
				2.767,
				-0.781,
				1,
				2.9,
				-0.781,
				3.033,
				0.316,
				3.167,
				0.316,
				1,
				3.211,
				0.316,
				3.256,
				0.11,
				3.3,
				0.11
			]
		},
		{
			"Target": "Parameter",
			"Id": "Param_Angle_Rotation_6_shadow_m",
			"Segments": [
				0,
				0.031,
				1,
				0.033,
				0.031,
				0.067,
				0.041,
				0.1,
				0.041,
				1,
				0.3,
				0.041,
				0.5,
				-0.038,
				0.7,
				-0.038,
				1,
				0.733,
				-0.038,
				0.767,
				-0.035,
				0.8,
				-0.035,
				1,
				0.922,
				-0.035,
				1.044,
				-0.15,
				1.167,
				-0.15,
				1,
				1.311,
				-0.15,
				1.456,
				0.585,
				1.6,
				0.585,
				1,
				1.744,
				0.585,
				1.889,
				-1.449,
				2.033,
				-1.449,
				1,
				2.178,
				-1.449,
				2.322,
				1.985,
				2.467,
				1.985,
				1,
				2.611,
				1.985,
				2.756,
				-1.505,
				2.9,
				-1.505,
				1,
				3.033,
				-1.505,
				3.167,
				0.893,
				3.3,
				0.893
			]
		},
		{
			"Target": "Parameter",
			"Id": "Param_Angle_Rotation_7_shadow_m",
			"Segments": [
				0,
				-0.007,
				1,
				0.067,
				-0.007,
				0.133,
				0.074,
				0.2,
				0.074,
				1,
				0.544,
				0.074,
				0.889,
				-0.158,
				1.233,
				-0.158,
				1,
				1.389,
				-0.158,
				1.544,
				0.674,
				1.7,
				0.674,
				1,
				1.844,
				0.674,
				1.989,
				-2.04,
				2.133,
				-2.04,
				1,
				2.289,
				-2.04,
				2.444,
				2.849,
				2.6,
				2.849,
				1,
				2.744,
				2.849,
				2.889,
				-2.159,
				3.033,
				-2.159,
				1,
				3.122,
				-2.159,
				3.211,
				0.383,
				3.3,
				0.383
			]
		},
		{
			"Target": "Parameter",
			"Id": "Param_Angle_Rotation_8_shadow_m",
			"Segments": [
				0,
				-0.078,
				1,
				0.089,
				-0.078,
				0.178,
				0.123,
				0.267,
				0.123,
				1,
				0.422,
				0.123,
				0.578,
				-0.068,
				0.733,
				-0.068,
				1,
				0.778,
				-0.068,
				0.822,
				-0.064,
				0.867,
				-0.064,
				1,
				1.033,
				-0.064,
				1.2,
				-0.2,
				1.367,
				-0.2,
				1,
				1.511,
				-0.2,
				1.656,
				0.831,
				1.8,
				0.831,
				1,
				1.944,
				0.831,
				2.089,
				-2.293,
				2.233,
				-2.293,
				1,
				2.378,
				-2.293,
				2.522,
				3.254,
				2.667,
				3.254,
				1,
				2.822,
				3.254,
				2.978,
				-2.772,
				3.133,
				-2.772,
				1,
				3.189,
				-2.772,
				3.244,
				-0.866,
				3.3,
				-0.866
			]
		},
		{
			"Target": "Parameter",
			"Id": "Param_Angle_Rotation_9_shadow_m",
			"Segments": [
				0,
				-0.283,
				1,
				0.111,
				-0.283,
				0.222,
				0.184,
				0.333,
				0.184,
				1,
				0.522,
				0.184,
				0.711,
				-0.15,
				0.9,
				-0.15,
				1,
				0.956,
				-0.15,
				1.011,
				-0.143,
				1.067,
				-0.143,
				1,
				1.189,
				-0.143,
				1.311,
				-0.194,
				1.433,
				-0.194,
				1,
				1.589,
				-0.194,
				1.744,
				0.991,
				1.9,
				0.991,
				1,
				2.033,
				0.991,
				2.167,
				-2.826,
				2.3,
				-2.826,
				1,
				2.444,
				-2.826,
				2.589,
				3.758,
				2.733,
				3.758,
				1,
				2.9,
				3.758,
				3.067,
				-3.338,
				3.233,
				-3.338,
				1,
				3.256,
				-3.338,
				3.278,
				-2.707,
				3.3,
				-2.707
			]
		}
	]
}