{
	"Version": 3,
	"Meta": {
		"Duration": 2.633,
		"Fps": 30.0,
		"Loop": true,
		"AreBeziersRestricted": true,
		"CurveCount": 78,
		"TotalSegmentCount": 528,
		"TotalPointCount": 1642,
		"UserDataCount": 0,
		"TotalUserDataSize": 0
	},
	"Curves": [
		{
			"Target": "Parameter",
			"Id": "ParamAngleZ",
			"Segments": [
				0,
				0,
				0,
				0.1,
				0,
				1,
				0.233,
				0,
				0.367,
				16.899,
				0.5,
				20.414,
				1,
				0.622,
				23.636,
				0.744,
				23.33,
				0.867,
				23.33,
				1,
				0.967,
				23.33,
				1.067,
				20.414,
				1.167,
				20.414,
				1,
				1.233,
				20.414,
				1.3,
				23.33,
				1.367,
				23.33,
				1,
				1.467,
				23.33,
				1.567,
				-25.277,
				1.667,
				-25.277,
				1,
				1.778,
				-25.277,
				1.889,
				-22.655,
				2,
				-22.655,
				1,
				2.144,
				-22.655,
				2.289,
				-25.277,
				2.433,
				-25.277,
				1,
				2.5,
				-25.277,
				2.567,
				-18.536,
				2.633,
				-18.536
			]
		},
		{
			"Target": "Parameter",
			"Id": "ParamMouthForm",
			"Segments": [
				0,
				0,
				0,
				0.033,
				0,
				1,
				0.122,
				0,
				0.211,
				1,
				0.3,
				1,
				1,
				0.578,
				1,
				0.856,
				0.985,
				1.133,
				0.9,
				1,
				1.222,
				0.873,
				1.311,
				0.622,
				1.4,
				0.4,
				1,
				1.433,
				0.317,
				1.467,
				-0.9,
				1.5,
				-0.9,
				1,
				1.522,
				-0.9,
				1.544,
				0.6,
				1.567,
				0.6,
				1,
				1.589,
				0.6,
				1.611,
				-1,
				1.633,
				-1,
				1,
				1.644,
				-1,
				1.656,
				-0.9,
				1.667,
				-0.9,
				1,
				1.689,
				-0.9,
				1.711,
				-1,
				1.733,
				-1,
				1,
				1.756,
				-1,
				1.778,
				-0.932,
				1.8,
				-0.9,
				1,
				1.856,
				-0.82,
				1.911,
				-0.802,
				1.967,
				-0.7,
				1,
				2,
				-0.639,
				2.033,
				0.2,
				2.067,
				0.2,
				1,
				2.111,
				0.2,
				2.156,
				0,
				2.2,
				0,
				0,
				2.633,
				0
			]
		},
		{
			"Target": "Parameter",
			"Id": "ParamMouthOpenY",
			"Segments": [
				0,
				0,
				0,
				0.033,
				0,
				1,
				0.1,
				0,
				0.167,
				0.2,
				0.233,
				0.2,
				1,
				0.3,
				0.2,
				0.367,
				0.121,
				0.433,
				0.121,
				1,
				0.5,
				0.121,
				0.567,
				0.2,
				0.633,
				0.2,
				1,
				0.711,
				0.2,
				0.789,
				0.182,
				0.867,
				0.121,
				1,
				0.956,
				0.051,
				1.044,
				0,
				1.133,
				0,
				1,
				1.222,
				0,
				1.311,
				0.068,
				1.4,
				0.408,
				1,
				1.433,
				0.536,
				1.467,
				1,
				1.5,
				1,
				1,
				1.522,
				1,
				1.544,
				0.218,
				1.567,
				0.1,
				1,
				1.589,
				-0.018,
				1.611,
				0,
				1.633,
				0,
				1,
				1.644,
				0,
				1.656,
				0.652,
				1.667,
				0.7,
				1,
				1.689,
				0.795,
				1.711,
				0.8,
				1.733,
				0.8,
				1,
				1.756,
				0.8,
				1.778,
				0,
				1.8,
				0,
				1,
				1.856,
				0,
				1.911,
				1,
				1.967,
				1,
				1,
				2,
				1,
				2.033,
				1.014,
				2.067,
				0.8,
				1,
				2.111,
				0.514,
				2.156,
				0,
				2.2,
				0,
				0,
				2.633,
				0
			]
		},
		{
			"Target": "Parameter",
			"Id": "Param8",
			"Segments": [
				0,
				0,
				1,
				0.878,
				0,
				1.756,
				0,
				2.633,
				0
			]
		},
		{
			"Target": "Parameter",
			"Id": "Param9",
			"Segments": [
				0,
				0,
				1,
				0.878,
				0,
				1.756,
				0,
				2.633,
				0
			]
		},
		{
			"Target": "Parameter",
			"Id": "Param13",
			"Segments": [
				0,
				12.316,
				0,
				1.367,
				12.316,
				1,
				1.489,
				12.316,
				1.611,
				-23.053,
				1.733,
				-23.053,
				0,
				2.633,
				-23.053
			]
		},
		{
			"Target": "Parameter",
			"Id": "Param2",
			"Segments": [
				0,
				-5.24,
				1,
				0.033,
				-5.24,
				0.067,
				-5.245,
				0.1,
				-5.245,
				1,
				0.278,
				-5.245,
				0.456,
				7.251,
				0.633,
				7.251,
				1,
				0.778,
				7.251,
				0.922,
				2.484,
				1.067,
				2.484,
				1,
				1.178,
				2.484,
				1.289,
				4.546,
				1.4,
				4.546,
				1,
				1.522,
				4.546,
				1.644,
				-25.873,
				1.767,
				-25.873,
				1,
				1.889,
				-25.873,
				2.011,
				-9.118,
				2.133,
				-9.118,
				1,
				2.244,
				-9.118,
				2.356,
				-18.395,
				2.467,
				-18.395,
				1,
				2.522,
				-18.395,
				2.578,
				-14.315,
				2.633,
				-14.315
			]
		},
		{
			"Target": "Parameter",
			"Id": "Param3",
			"Segments": [
				0,
				0.029,
				1,
				0.144,
				0.029,
				0.289,
				-3.303,
				0.433,
				-3.303,
				1,
				0.544,
				-3.303,
				0.656,
				4.685,
				0.767,
				4.685,
				1,
				0.878,
				4.685,
				0.989,
				-3.063,
				1.1,
				-3.063,
				1,
				1.278,
				-3.063,
				1.456,
				11.753,
				1.633,
				11.753,
				1,
				1.733,
				11.753,
				1.833,
				-16.538,
				1.933,
				-16.538,
				1,
				2.056,
				-16.538,
				2.178,
				13.652,
				2.3,
				13.652,
				1,
				2.411,
				13.652,
				2.522,
				-11.252,
				2.633,
				-11.252
			]
		},
		{
			"Target": "Parameter",
			"Id": "Param20",
			"Segments": [
				0,
				0,
				1,
				0.067,
				0,
				0.133,
				0.9,
				0.2,
				0.9,
				0,
				2.633,
				0.9
			]
		},
		{
			"Target": "Parameter",
			"Id": "Param",
			"Segments": [
				0,
				0,
				1,
				0.067,
				0,
				0.133,
				1,
				0.2,
				1,
				1,
				1.011,
				1,
				1.822,
				1,
				2.633,
				1
			]
		},
		{
			"Target": "Parameter",
			"Id": "ParamBrowLY",
			"Segments": [
				0,
				0.032,
				0,
				1.6,
				0.032,
				1,
				1.711,
				0.032,
				1.822,
				0.905,
				1.933,
				0.905,
				0,
				2.633,
				0.905
			]
		},
		{
			"Target": "Parameter",
			"Id": "ParamBodyAngleX",
			"Segments": [
				0,
				0,
				1,
				0.878,
				0,
				1.756,
				0,
				2.633,
				0
			]
		},
		{
			"Target": "Parameter",
			"Id": "ParamBodyAngleY",
			"Segments": [
				0,
				0,
				1,
				0.878,
				0,
				1.756,
				0,
				2.633,
				0
			]
		},
		{
			"Target": "Parameter",
			"Id": "ParamBodyAngleZ",
			"Segments": [
				0,
				0,
				1,
				0.044,
				0,
				0.089,
				0,
				0.133,
				0,
				1,
				0.322,
				0,
				0.511,
				6.123,
				0.7,
				6.123,
				1,
				0.878,
				6.123,
				1.056,
				4.633,
				1.233,
				4.633,
				1,
				1.289,
				4.633,
				1.344,
				5.126,
				1.4,
				5.126,
				1,
				1.544,
				5.126,
				1.689,
				-8.028,
				1.833,
				-8.028,
				1,
				1.956,
				-8.028,
				2.078,
				-5.107,
				2.2,
				-5.107,
				1,
				2.289,
				-5.107,
				2.378,
				-5.792,
				2.467,
				-5.792,
				1,
				2.522,
				-5.792,
				2.578,
				-4.824,
				2.633,
				-4.824
			]
		},
		{
			"Target": "Parameter",
			"Id": "Param6",
			"Segments": [
				0,
				-5.046,
				1,
				0.044,
				-5.046,
				0.089,
				-5.286,
				0.133,
				-5.286,
				1,
				0.3,
				-5.286,
				0.467,
				8.752,
				0.633,
				8.752,
				1,
				0.767,
				8.752,
				0.9,
				1.069,
				1.033,
				1.069,
				1,
				1.156,
				1.069,
				1.278,
				5.62,
				1.4,
				5.62,
				1,
				1.533,
				5.62,
				1.667,
				-29.914,
				1.8,
				-29.914,
				1,
				1.922,
				-29.914,
				2.044,
				-5.009,
				2.167,
				-5.009,
				1,
				2.278,
				-5.009,
				2.389,
				-21.63,
				2.5,
				-21.63,
				1,
				2.544,
				-21.63,
				2.589,
				-17.558,
				2.633,
				-17.558
			]
		},
		{
			"Target": "Parameter",
			"Id": "Param7",
			"Segments": [
				0,
				3.237,
				1,
				0.133,
				3.237,
				0.267,
				-5.83,
				0.4,
				-5.83,
				1,
				0.522,
				-5.83,
				0.644,
				9.095,
				0.767,
				9.095,
				1,
				0.889,
				9.095,
				1.011,
				-8.392,
				1.133,
				-8.392,
				1,
				1.289,
				-8.392,
				1.444,
				15.853,
				1.6,
				15.853,
				1,
				1.722,
				15.853,
				1.844,
				-26.96,
				1.967,
				-26.96,
				1,
				2.089,
				-26.96,
				2.211,
				26.5,
				2.333,
				26.5,
				1,
				2.433,
				26.5,
				2.533,
				-20.803,
				2.633,
				-20.803
			]
		},
		{
			"Target": "Parameter",
			"Id": "Param4",
			"Segments": [
				0,
				-2.077,
				1,
				0.033,
				-2.077,
				0.067,
				-2.083,
				0.1,
				-2.083,
				1,
				0.278,
				-2.083,
				0.456,
				1.325,
				0.633,
				1.325,
				1,
				0.789,
				1.325,
				0.944,
				-0.331,
				1.1,
				-0.331,
				1,
				1.2,
				-0.331,
				1.3,
				0.512,
				1.4,
				0.512,
				1,
				1.533,
				0.512,
				1.667,
				-7.906,
				1.8,
				-7.906,
				1,
				1.922,
				-7.906,
				2.044,
				-2.701,
				2.167,
				-2.701,
				1,
				2.289,
				-2.701,
				2.411,
				-5.668,
				2.533,
				-5.668,
				1,
				2.567,
				-5.668,
				2.6,
				-5.032,
				2.633,
				-5.032
			]
		},
		{
			"Target": "Parameter",
			"Id": "Param5",
			"Segments": [
				0,
				-0.013,
				1,
				0.044,
				-0.013,
				0.089,
				0.075,
				0.133,
				0.075,
				1,
				0.244,
				0.075,
				0.356,
				-0.857,
				0.467,
				-0.857,
				1,
				0.589,
				-0.857,
				0.711,
				1.249,
				0.833,
				1.249,
				1,
				0.967,
				1.249,
				1.1,
				-0.936,
				1.233,
				-0.936,
				1,
				1.378,
				-0.936,
				1.522,
				3.142,
				1.667,
				3.142,
				1,
				1.778,
				3.142,
				1.889,
				-4.218,
				2,
				-4.218,
				1,
				2.122,
				-4.218,
				2.244,
				3.538,
				2.367,
				3.538,
				1,
				2.456,
				3.538,
				2.544,
				-1.528,
				2.633,
				-1.528
			]
		},
		{
			"Target": "Parameter",
			"Id": "Param_Angle_Rotation_1_m_h",
			"Segments": [
				0,
				-0.105,
				1,
				0.244,
				-0.105,
				0.489,
				0.196,
				0.733,
				0.196,
				1,
				0.911,
				0.196,
				1.089,
				0,
				1.267,
				0,
				1,
				1.322,
				0,
				1.378,
				0.028,
				1.433,
				0.028,
				1,
				1.578,
				0.028,
				1.722,
				-0.549,
				1.867,
				-0.549,
				1,
				2.044,
				-0.549,
				2.222,
				-0.191,
				2.4,
				-0.191,
				1,
				2.478,
				-0.191,
				2.556,
				-0.227,
				2.633,
				-0.227
			]
		},
		{
			"Target": "Parameter",
			"Id": "Param_Angle_Rotation_2_m_h",
			"Segments": [
				0,
				-0.003,
				1,
				0.044,
				-0.003,
				0.089,
				0.001,
				0.133,
				0.001,
				1,
				0.256,
				0.001,
				0.378,
				-0.117,
				0.5,
				-0.117,
				1,
				0.656,
				-0.117,
				0.811,
				0.133,
				0.967,
				0.133,
				1,
				1.111,
				0.133,
				1.256,
				-0.108,
				1.4,
				-0.108,
				1,
				1.511,
				-0.108,
				1.622,
				0.3,
				1.733,
				0.3,
				1,
				1.878,
				0.3,
				2.022,
				-0.309,
				2.167,
				-0.309,
				1,
				2.311,
				-0.309,
				2.456,
				0.197,
				2.6,
				0.197,
				1,
				2.611,
				0.197,
				2.622,
				0.19,
				2.633,
				0.19
			]
		},
		{
			"Target": "Parameter",
			"Id": "Param_Angle_Rotation_3_m_h",
			"Segments": [
				0,
				-0.07,
				1,
				0.089,
				-0.07,
				0.178,
				0.025,
				0.267,
				0.025,
				1,
				0.411,
				0.025,
				0.556,
				-0.354,
				0.7,
				-0.354,
				1,
				0.856,
				-0.354,
				1.011,
				0.567,
				1.167,
				0.567,
				1,
				1.3,
				0.567,
				1.433,
				-0.473,
				1.567,
				-0.473,
				1,
				1.689,
				-0.473,
				1.811,
				0.953,
				1.933,
				0.953,
				1,
				2.078,
				0.953,
				2.222,
				-1.291,
				2.367,
				-1.291,
				1,
				2.456,
				-1.291,
				2.544,
				0.4,
				2.633,
				0.4
			]
		},
		{
			"Target": "Parameter",
			"Id": "Param_Angle_Rotation_4_m_h",
			"Segments": [
				0,
				-0.324,
				1,
				0.133,
				-0.324,
				0.267,
				0.126,
				0.4,
				0.126,
				1,
				0.544,
				0.126,
				0.689,
				-0.5,
				0.833,
				-0.5,
				1,
				0.989,
				-0.5,
				1.144,
				0.979,
				1.3,
				0.979,
				1,
				1.444,
				0.979,
				1.589,
				-0.869,
				1.733,
				-0.869,
				1,
				1.856,
				-0.869,
				1.978,
				1.45,
				2.1,
				1.45,
				1,
				2.233,
				1.45,
				2.367,
				-2.253,
				2.5,
				-2.253,
				1,
				2.544,
				-2.253,
				2.589,
				-1.329,
				2.633,
				-1.329
			]
		},
		{
			"Target": "Parameter",
			"Id": "Param_Angle_Rotation_5_m_h",
			"Segments": [
				0,
				-0.728,
				1,
				0.033,
				-0.728,
				0.067,
				-0.897,
				0.1,
				-0.897,
				1,
				0.244,
				-0.897,
				0.389,
				0.463,
				0.533,
				0.463,
				1,
				0.667,
				0.463,
				0.8,
				-0.824,
				0.933,
				-0.824,
				1,
				1.089,
				-0.824,
				1.244,
				1.564,
				1.4,
				1.564,
				1,
				1.544,
				1.564,
				1.689,
				-1.6,
				1.833,
				-1.6,
				1,
				1.967,
				-1.6,
				2.1,
				2.374,
				2.233,
				2.374,
				1,
				2.367,
				2.374,
				2.5,
				-3.573,
				2.633,
				-3.573
			]
		},
		{
			"Target": "Parameter",
			"Id": "Param_Angle_Rotation_6_m_h",
			"Segments": [
				0,
				0.139,
				1,
				0.078,
				0.139,
				0.156,
				-1.501,
				0.233,
				-1.501,
				1,
				0.367,
				-1.501,
				0.5,
				0.634,
				0.633,
				0.634,
				1,
				0.767,
				0.634,
				0.9,
				-1.287,
				1.033,
				-1.287,
				1,
				1.189,
				-1.287,
				1.344,
				2.242,
				1.5,
				2.242,
				1,
				1.656,
				2.242,
				1.811,
				-1.846,
				1.967,
				-1.846,
				1,
				2.089,
				-1.846,
				2.211,
				3.04,
				2.333,
				3.04,
				1,
				2.433,
				3.04,
				2.533,
				-3.057,
				2.633,
				-3.057
			]
		},
		{
			"Target": "Parameter",
			"Id": "Param_Angle_Rotation_7_m_h",
			"Segments": [
				0,
				1.243,
				1,
				0.1,
				1.243,
				0.2,
				-1.771,
				0.3,
				-1.771,
				1,
				0.444,
				-1.771,
				0.589,
				1.032,
				0.733,
				1.032,
				1,
				0.867,
				1.032,
				1,
				-1.403,
				1.133,
				-1.403,
				1,
				1.278,
				-1.403,
				1.422,
				2.04,
				1.567,
				2.04,
				1,
				1.722,
				2.04,
				1.878,
				-2.007,
				2.033,
				-2.007,
				1,
				2.167,
				-2.007,
				2.3,
				3.138,
				2.433,
				3.138,
				1,
				2.5,
				3.138,
				2.567,
				-0.36,
				2.633,
				-0.36
			]
		},
		{
			"Target": "Parameter",
			"Id": "Param_Angle_Rotation_8_m_h",
			"Segments": [
				0,
				3.289,
				1,
				0.133,
				3.289,
				0.267,
				-2.768,
				0.4,
				-2.768,
				1,
				0.544,
				-2.768,
				0.689,
				1.557,
				0.833,
				1.557,
				1,
				0.956,
				1.557,
				1.078,
				-2.199,
				1.2,
				-2.199,
				1,
				1.344,
				-2.199,
				1.489,
				2.916,
				1.633,
				2.916,
				1,
				1.8,
				2.916,
				1.967,
				-2.827,
				2.133,
				-2.827,
				1,
				2.256,
				-2.827,
				2.378,
				4.192,
				2.5,
				4.192,
				1,
				2.544,
				4.192,
				2.589,
				1.564,
				2.633,
				1.564
			]
		},
		{
			"Target": "Parameter",
			"Id": "Param_Angle_Rotation_9_m_h",
			"Segments": [
				0,
				3.702,
				1,
				0.011,
				3.702,
				0.022,
				3.767,
				0.033,
				3.767,
				1,
				0.178,
				3.767,
				0.322,
				-3.064,
				0.467,
				-3.064,
				1,
				0.611,
				-3.064,
				0.756,
				1.995,
				0.9,
				1.995,
				1,
				1.033,
				1.995,
				1.167,
				-2.629,
				1.3,
				-2.629,
				1,
				1.433,
				-2.629,
				1.567,
				3.011,
				1.7,
				3.011,
				1,
				1.867,
				3.011,
				2.033,
				-3.08,
				2.2,
				-3.08,
				1,
				2.322,
				-3.08,
				2.444,
				4.259,
				2.567,
				4.259,
				1,
				2.589,
				4.259,
				2.611,
				2.907,
				2.633,
				2.907
			]
		},
		{
			"Target": "Parameter",
			"Id": "Param_Angle_Rotation_1_l_m_h",
			"Segments": [
				0,
				-0.105,
				1,
				0.244,
				-0.105,
				0.489,
				0.196,
				0.733,
				0.196,
				1,
				0.911,
				0.196,
				1.089,
				0,
				1.267,
				0,
				1,
				1.322,
				0,
				1.378,
				0.028,
				1.433,
				0.028,
				1,
				1.578,
				0.028,
				1.722,
				-0.549,
				1.867,
				-0.549,
				1,
				2.044,
				-0.549,
				2.222,
				-0.191,
				2.4,
				-0.191,
				1,
				2.478,
				-0.191,
				2.556,
				-0.227,
				2.633,
				-0.227
			]
		},
		{
			"Target": "Parameter",
			"Id": "Param_Angle_Rotation_2_l_m_h",
			"Segments": [
				0,
				-0.105,
				1,
				0.244,
				-0.105,
				0.489,
				0.196,
				0.733,
				0.196,
				1,
				0.911,
				0.196,
				1.089,
				0,
				1.267,
				0,
				1,
				1.322,
				0,
				1.378,
				0.028,
				1.433,
				0.028,
				1,
				1.578,
				0.028,
				1.722,
				-0.549,
				1.867,
				-0.549,
				1,
				2.044,
				-0.549,
				2.222,
				-0.191,
				2.4,
				-0.191,
				1,
				2.478,
				-0.191,
				2.556,
				-0.227,
				2.633,
				-0.227
			]
		},
		{
			"Target": "Parameter",
			"Id": "Param_Angle_Rotation_3_l_m_h",
			"Segments": [
				0,
				-0.003,
				1,
				0.044,
				-0.003,
				0.089,
				0.001,
				0.133,
				0.001,
				1,
				0.256,
				0.001,
				0.378,
				-0.117,
				0.5,
				-0.117,
				1,
				0.656,
				-0.117,
				0.811,
				0.133,
				0.967,
				0.133,
				1,
				1.111,
				0.133,
				1.256,
				-0.108,
				1.4,
				-0.108,
				1,
				1.511,
				-0.108,
				1.622,
				0.3,
				1.733,
				0.3,
				1,
				1.878,
				0.3,
				2.022,
				-0.309,
				2.167,
				-0.309,
				1,
				2.311,
				-0.309,
				2.456,
				0.197,
				2.6,
				0.197,
				1,
				2.611,
				0.197,
				2.622,
				0.19,
				2.633,
				0.19
			]
		},
		{
			"Target": "Parameter",
			"Id": "Param_Angle_Rotation_4_l_m_h",
			"Segments": [
				0,
				-0.07,
				1,
				0.089,
				-0.07,
				0.178,
				0.025,
				0.267,
				0.025,
				1,
				0.411,
				0.025,
				0.556,
				-0.354,
				0.7,
				-0.354,
				1,
				0.856,
				-0.354,
				1.011,
				0.567,
				1.167,
				0.567,
				1,
				1.3,
				0.567,
				1.433,
				-0.473,
				1.567,
				-0.473,
				1,
				1.689,
				-0.473,
				1.811,
				0.953,
				1.933,
				0.953,
				1,
				2.078,
				0.953,
				2.222,
				-1.291,
				2.367,
				-1.291,
				1,
				2.456,
				-1.291,
				2.544,
				0.4,
				2.633,
				0.4
			]
		},
		{
			"Target": "Parameter",
			"Id": "Param_Angle_Rotation_5_l_m_h",
			"Segments": [
				0,
				-0.324,
				1,
				0.133,
				-0.324,
				0.267,
				0.126,
				0.4,
				0.126,
				1,
				0.544,
				0.126,
				0.689,
				-0.5,
				0.833,
				-0.5,
				1,
				0.989,
				-0.5,
				1.144,
				0.979,
				1.3,
				0.979,
				1,
				1.444,
				0.979,
				1.589,
				-0.869,
				1.733,
				-0.869,
				1,
				1.856,
				-0.869,
				1.978,
				1.45,
				2.1,
				1.45,
				1,
				2.233,
				1.45,
				2.367,
				-2.253,
				2.5,
				-2.253,
				1,
				2.544,
				-2.253,
				2.589,
				-1.329,
				2.633,
				-1.329
			]
		},
		{
			"Target": "Parameter",
			"Id": "Param_Angle_Rotation_6_l_m_h",
			"Segments": [
				0,
				-0.728,
				1,
				0.033,
				-0.728,
				0.067,
				-0.897,
				0.1,
				-0.897,
				1,
				0.244,
				-0.897,
				0.389,
				0.463,
				0.533,
				0.463,
				1,
				0.667,
				0.463,
				0.8,
				-0.824,
				0.933,
				-0.824,
				1,
				1.089,
				-0.824,
				1.244,
				1.564,
				1.4,
				1.564,
				1,
				1.544,
				1.564,
				1.689,
				-1.6,
				1.833,
				-1.6,
				1,
				1.967,
				-1.6,
				2.1,
				2.374,
				2.233,
				2.374,
				1,
				2.367,
				2.374,
				2.5,
				-3.573,
				2.633,
				-3.573
			]
		},
		{
			"Target": "Parameter",
			"Id": "Param_Angle_Rotation_7_l_m_h",
			"Segments": [
				0,
				0.139,
				1,
				0.078,
				0.139,
				0.156,
				-1.501,
				0.233,
				-1.501,
				1,
				0.367,
				-1.501,
				0.5,
				0.634,
				0.633,
				0.634,
				1,
				0.767,
				0.634,
				0.9,
				-1.287,
				1.033,
				-1.287,
				1,
				1.189,
				-1.287,
				1.344,
				2.242,
				1.5,
				2.242,
				1,
				1.656,
				2.242,
				1.811,
				-1.846,
				1.967,
				-1.846,
				1,
				2.089,
				-1.846,
				2.211,
				3.04,
				2.333,
				3.04,
				1,
				2.433,
				3.04,
				2.533,
				-3.057,
				2.633,
				-3.057
			]
		},
		{
			"Target": "Parameter",
			"Id": "Param_Angle_Rotation_8_l_m_h",
			"Segments": [
				0,
				1.491,
				1,
				0.1,
				1.491,
				0.2,
				-2.125,
				0.3,
				-2.125,
				1,
				0.444,
				-2.125,
				0.589,
				1.239,
				0.733,
				1.239,
				1,
				0.867,
				1.239,
				1,
				-1.683,
				1.133,
				-1.683,
				1,
				1.278,
				-1.683,
				1.422,
				2.448,
				1.567,
				2.448,
				1,
				1.722,
				2.448,
				1.878,
				-2.409,
				2.033,
				-2.409,
				1,
				2.167,
				-2.409,
				2.3,
				3.765,
				2.433,
				3.765,
				1,
				2.5,
				3.765,
				2.567,
				-0.432,
				2.633,
				-0.432
			]
		},
		{
			"Target": "Parameter",
			"Id": "Param_Angle_Rotation_9_l_m_h",
			"Segments": [
				0,
				3.289,
				1,
				0.133,
				3.289,
				0.267,
				-2.768,
				0.4,
				-2.768,
				1,
				0.544,
				-2.768,
				0.689,
				1.557,
				0.833,
				1.557,
				1,
				0.956,
				1.557,
				1.078,
				-2.199,
				1.2,
				-2.199,
				1,
				1.344,
				-2.199,
				1.489,
				2.916,
				1.633,
				2.916,
				1,
				1.8,
				2.916,
				1.967,
				-2.827,
				2.133,
				-2.827,
				1,
				2.256,
				-2.827,
				2.378,
				4.192,
				2.5,
				4.192,
				1,
				2.544,
				4.192,
				2.589,
				1.564,
				2.633,
				1.564
			]
		},
		{
			"Target": "Parameter",
			"Id": "Param_Angle_Rotation_1_r_r_h",
			"Segments": [
				0,
				-0.105,
				1,
				0.244,
				-0.105,
				0.489,
				0.196,
				0.733,
				0.196,
				1,
				0.911,
				0.196,
				1.089,
				0,
				1.267,
				0,
				1,
				1.322,
				0,
				1.378,
				0.028,
				1.433,
				0.028,
				1,
				1.578,
				0.028,
				1.722,
				-0.549,
				1.867,
				-0.549,
				1,
				2.044,
				-0.549,
				2.222,
				-0.191,
				2.4,
				-0.191,
				1,
				2.478,
				-0.191,
				2.556,
				-0.227,
				2.633,
				-0.227
			]
		},
		{
			"Target": "Parameter",
			"Id": "Param_Angle_Rotation_2_r_r_h",
			"Segments": [
				0,
				-0.105,
				1,
				0.244,
				-0.105,
				0.489,
				0.196,
				0.733,
				0.196,
				1,
				0.911,
				0.196,
				1.089,
				0,
				1.267,
				0,
				1,
				1.322,
				0,
				1.378,
				0.028,
				1.433,
				0.028,
				1,
				1.578,
				0.028,
				1.722,
				-0.549,
				1.867,
				-0.549,
				1,
				2.044,
				-0.549,
				2.222,
				-0.191,
				2.4,
				-0.191,
				1,
				2.478,
				-0.191,
				2.556,
				-0.227,
				2.633,
				-0.227
			]
		},
		{
			"Target": "Parameter",
			"Id": "Param_Angle_Rotation_3_r_r_h",
			"Segments": [
				0,
				-0.21,
				1,
				0.244,
				-0.21,
				0.489,
				0.392,
				0.733,
				0.392,
				1,
				0.911,
				0.392,
				1.089,
				0,
				1.267,
				0,
				1,
				1.322,
				0,
				1.378,
				0.057,
				1.433,
				0.057,
				1,
				1.578,
				0.057,
				1.722,
				-1.098,
				1.867,
				-1.098,
				1,
				2.044,
				-1.098,
				2.222,
				-0.382,
				2.4,
				-0.382,
				1,
				2.478,
				-0.382,
				2.556,
				-0.455,
				2.633,
				-0.455
			]
		},
		{
			"Target": "Parameter",
			"Id": "Param_Angle_Rotation_4_r_r_h",
			"Segments": [
				0,
				-0.009,
				1,
				0.044,
				-0.009,
				0.089,
				0.004,
				0.133,
				0.004,
				1,
				0.256,
				0.004,
				0.378,
				-0.352,
				0.5,
				-0.352,
				1,
				0.656,
				-0.352,
				0.811,
				0.399,
				0.967,
				0.399,
				1,
				1.111,
				0.399,
				1.256,
				-0.324,
				1.4,
				-0.324,
				1,
				1.511,
				-0.324,
				1.622,
				0.9,
				1.733,
				0.9,
				1,
				1.878,
				0.9,
				2.022,
				-0.928,
				2.167,
				-0.928,
				1,
				2.311,
				-0.928,
				2.456,
				0.591,
				2.6,
				0.591,
				1,
				2.611,
				0.591,
				2.622,
				0.57,
				2.633,
				0.57
			]
		},
		{
			"Target": "Parameter",
			"Id": "Param_Angle_Rotation_5_r_r_h",
			"Segments": [
				0,
				-0.093,
				1,
				0.089,
				-0.093,
				0.178,
				0.033,
				0.267,
				0.033,
				1,
				0.411,
				0.033,
				0.556,
				-0.471,
				0.7,
				-0.471,
				1,
				0.856,
				-0.471,
				1.011,
				0.757,
				1.167,
				0.757,
				1,
				1.3,
				0.757,
				1.433,
				-0.631,
				1.567,
				-0.631,
				1,
				1.689,
				-0.631,
				1.811,
				1.27,
				1.933,
				1.27,
				1,
				2.078,
				1.27,
				2.222,
				-1.721,
				2.367,
				-1.721,
				1,
				2.456,
				-1.721,
				2.544,
				0.533,
				2.633,
				0.533
			]
		},
		{
			"Target": "Parameter",
			"Id": "Param_Angle_Rotation_6_r_r_h",
			"Segments": [
				0,
				-0.405,
				1,
				0.133,
				-0.405,
				0.267,
				0.157,
				0.4,
				0.157,
				1,
				0.544,
				0.157,
				0.689,
				-0.625,
				0.833,
				-0.625,
				1,
				0.989,
				-0.625,
				1.144,
				1.224,
				1.3,
				1.224,
				1,
				1.444,
				1.224,
				1.589,
				-1.087,
				1.733,
				-1.087,
				1,
				1.856,
				-1.087,
				1.978,
				1.813,
				2.1,
				1.813,
				1,
				2.233,
				1.813,
				2.367,
				-2.816,
				2.5,
				-2.816,
				1,
				2.544,
				-2.816,
				2.589,
				-1.661,
				2.633,
				-1.661
			]
		},
		{
			"Target": "Parameter",
			"Id": "Param_Angle_Rotation_7_r_r_h",
			"Segments": [
				0,
				-0.728,
				1,
				0.033,
				-0.728,
				0.067,
				-0.897,
				0.1,
				-0.897,
				1,
				0.244,
				-0.897,
				0.389,
				0.463,
				0.533,
				0.463,
				1,
				0.667,
				0.463,
				0.8,
				-0.824,
				0.933,
				-0.824,
				1,
				1.089,
				-0.824,
				1.244,
				1.564,
				1.4,
				1.564,
				1,
				1.544,
				1.564,
				1.689,
				-1.6,
				1.833,
				-1.6,
				1,
				1.967,
				-1.6,
				2.1,
				2.374,
				2.233,
				2.374,
				1,
				2.367,
				2.374,
				2.5,
				-3.573,
				2.633,
				-3.573
			]
		},
		{
			"Target": "Parameter",
			"Id": "Param_Angle_Rotation_8_r_r_h",
			"Segments": [
				0,
				0.139,
				1,
				0.078,
				0.139,
				0.156,
				-1.501,
				0.233,
				-1.501,
				1,
				0.367,
				-1.501,
				0.5,
				0.634,
				0.633,
				0.634,
				1,
				0.767,
				0.634,
				0.9,
				-1.287,
				1.033,
				-1.287,
				1,
				1.189,
				-1.287,
				1.344,
				2.242,
				1.5,
				2.242,
				1,
				1.656,
				2.242,
				1.811,
				-1.846,
				1.967,
				-1.846,
				1,
				2.089,
				-1.846,
				2.211,
				3.04,
				2.333,
				3.04,
				1,
				2.433,
				3.04,
				2.533,
				-3.057,
				2.633,
				-3.057
			]
		},
		{
			"Target": "Parameter",
			"Id": "Param_Angle_Rotation_9_r_r_h",
			"Segments": [
				0,
				1.491,
				1,
				0.1,
				1.491,
				0.2,
				-2.125,
				0.3,
				-2.125,
				1,
				0.444,
				-2.125,
				0.589,
				1.239,
				0.733,
				1.239,
				1,
				0.867,
				1.239,
				1,
				-1.683,
				1.133,
				-1.683,
				1,
				1.278,
				-1.683,
				1.422,
				2.448,
				1.567,
				2.448,
				1,
				1.722,
				2.448,
				1.878,
				-2.409,
				2.033,
				-2.409,
				1,
				2.167,
				-2.409,
				2.3,
				3.765,
				2.433,
				3.765,
				1,
				2.5,
				3.765,
				2.567,
				-0.432,
				2.633,
				-0.432
			]
		},
		{
			"Target": "Parameter",
			"Id": "Param_Angle_Rotation_10_r_r_h",
			"Segments": [
				0,
				3.289,
				1,
				0.133,
				3.289,
				0.267,
				-2.768,
				0.4,
				-2.768,
				1,
				0.544,
				-2.768,
				0.689,
				1.557,
				0.833,
				1.557,
				1,
				0.956,
				1.557,
				1.078,
				-2.199,
				1.2,
				-2.199,
				1,
				1.344,
				-2.199,
				1.489,
				2.916,
				1.633,
				2.916,
				1,
				1.8,
				2.916,
				1.967,
				-2.827,
				2.133,
				-2.827,
				1,
				2.256,
				-2.827,
				2.378,
				4.192,
				2.5,
				4.192,
				1,
				2.544,
				4.192,
				2.589,
				1.564,
				2.633,
				1.564
			]
		},
		{
			"Target": "Parameter",
			"Id": "Param_Angle_Rotation_11_r_r_h",
			"Segments": [
				0,
				3.702,
				1,
				0.011,
				3.702,
				0.022,
				3.767,
				0.033,
				3.767,
				1,
				0.178,
				3.767,
				0.322,
				-3.064,
				0.467,
				-3.064,
				1,
				0.611,
				-3.064,
				0.756,
				1.995,
				0.9,
				1.995,
				1,
				1.033,
				1.995,
				1.167,
				-2.629,
				1.3,
				-2.629,
				1,
				1.433,
				-2.629,
				1.567,
				3.011,
				1.7,
				3.011,
				1,
				1.867,
				3.011,
				2.033,
				-3.08,
				2.2,
				-3.08,
				1,
				2.322,
				-3.08,
				2.444,
				4.259,
				2.567,
				4.259,
				1,
				2.589,
				4.259,
				2.611,
				2.907,
				2.633,
				2.907
			]
		},
		{
			"Target": "Parameter",
			"Id": "Param_Angle_Rotation_1_l_l_h",
			"Segments": [
				0,
				-0.105,
				1,
				0.244,
				-0.105,
				0.489,
				0.196,
				0.733,
				0.196,
				1,
				0.911,
				0.196,
				1.089,
				0,
				1.267,
				0,
				1,
				1.322,
				0,
				1.378,
				0.028,
				1.433,
				0.028,
				1,
				1.578,
				0.028,
				1.722,
				-0.549,
				1.867,
				-0.549,
				1,
				2.044,
				-0.549,
				2.222,
				-0.191,
				2.4,
				-0.191,
				1,
				2.478,
				-0.191,
				2.556,
				-0.227,
				2.633,
				-0.227
			]
		},
		{
			"Target": "Parameter",
			"Id": "Param_Angle_Rotation_2_l_l_h",
			"Segments": [
				0,
				-0.105,
				1,
				0.244,
				-0.105,
				0.489,
				0.196,
				0.733,
				0.196,
				1,
				0.911,
				0.196,
				1.089,
				0,
				1.267,
				0,
				1,
				1.322,
				0,
				1.378,
				0.028,
				1.433,
				0.028,
				1,
				1.578,
				0.028,
				1.722,
				-0.549,
				1.867,
				-0.549,
				1,
				2.044,
				-0.549,
				2.222,
				-0.191,
				2.4,
				-0.191,
				1,
				2.478,
				-0.191,
				2.556,
				-0.227,
				2.633,
				-0.227
			]
		},
		{
			"Target": "Parameter",
			"Id": "Param_Angle_Rotation_3_l_l_h",
			"Segments": [
				0,
				-0.003,
				1,
				0.044,
				-0.003,
				0.089,
				0.001,
				0.133,
				0.001,
				1,
				0.256,
				0.001,
				0.378,
				-0.117,
				0.5,
				-0.117,
				1,
				0.656,
				-0.117,
				0.811,
				0.133,
				0.967,
				0.133,
				1,
				1.111,
				0.133,
				1.256,
				-0.108,
				1.4,
				-0.108,
				1,
				1.511,
				-0.108,
				1.622,
				0.3,
				1.733,
				0.3,
				1,
				1.878,
				0.3,
				2.022,
				-0.309,
				2.167,
				-0.309,
				1,
				2.311,
				-0.309,
				2.456,
				0.197,
				2.6,
				0.197,
				1,
				2.611,
				0.197,
				2.622,
				0.19,
				2.633,
				0.19
			]
		},
		{
			"Target": "Parameter",
			"Id": "Param_Angle_Rotation_4_l_l_h",
			"Segments": [
				0,
				-0.07,
				1,
				0.089,
				-0.07,
				0.178,
				0.025,
				0.267,
				0.025,
				1,
				0.411,
				0.025,
				0.556,
				-0.354,
				0.7,
				-0.354,
				1,
				0.856,
				-0.354,
				1.011,
				0.567,
				1.167,
				0.567,
				1,
				1.3,
				0.567,
				1.433,
				-0.473,
				1.567,
				-0.473,
				1,
				1.689,
				-0.473,
				1.811,
				0.953,
				1.933,
				0.953,
				1,
				2.078,
				0.953,
				2.222,
				-1.291,
				2.367,
				-1.291,
				1,
				2.456,
				-1.291,
				2.544,
				0.4,
				2.633,
				0.4
			]
		},
		{
			"Target": "Parameter",
			"Id": "Param_Angle_Rotation_5_l_l_h",
			"Segments": [
				0,
				-0.324,
				1,
				0.133,
				-0.324,
				0.267,
				0.126,
				0.4,
				0.126,
				1,
				0.544,
				0.126,
				0.689,
				-0.5,
				0.833,
				-0.5,
				1,
				0.989,
				-0.5,
				1.144,
				0.979,
				1.3,
				0.979,
				1,
				1.444,
				0.979,
				1.589,
				-0.869,
				1.733,
				-0.869,
				1,
				1.856,
				-0.869,
				1.978,
				1.45,
				2.1,
				1.45,
				1,
				2.233,
				1.45,
				2.367,
				-2.253,
				2.5,
				-2.253,
				1,
				2.544,
				-2.253,
				2.589,
				-1.329,
				2.633,
				-1.329
			]
		},
		{
			"Target": "Parameter",
			"Id": "Param_Angle_Rotation_6_l_l_h",
			"Segments": [
				0,
				-0.728,
				1,
				0.033,
				-0.728,
				0.067,
				-0.897,
				0.1,
				-0.897,
				1,
				0.244,
				-0.897,
				0.389,
				0.463,
				0.533,
				0.463,
				1,
				0.667,
				0.463,
				0.8,
				-0.824,
				0.933,
				-0.824,
				1,
				1.089,
				-0.824,
				1.244,
				1.564,
				1.4,
				1.564,
				1,
				1.544,
				1.564,
				1.689,
				-1.6,
				1.833,
				-1.6,
				1,
				1.967,
				-1.6,
				2.1,
				2.374,
				2.233,
				2.374,
				1,
				2.367,
				2.374,
				2.5,
				-3.573,
				2.633,
				-3.573
			]
		},
		{
			"Target": "Parameter",
			"Id": "Param_Angle_Rotation_7_l_l_h",
			"Segments": [
				0,
				0.139,
				1,
				0.078,
				0.139,
				0.156,
				-1.501,
				0.233,
				-1.501,
				1,
				0.367,
				-1.501,
				0.5,
				0.634,
				0.633,
				0.634,
				1,
				0.767,
				0.634,
				0.9,
				-1.287,
				1.033,
				-1.287,
				1,
				1.189,
				-1.287,
				1.344,
				2.242,
				1.5,
				2.242,
				1,
				1.656,
				2.242,
				1.811,
				-1.846,
				1.967,
				-1.846,
				1,
				2.089,
				-1.846,
				2.211,
				3.04,
				2.333,
				3.04,
				1,
				2.433,
				3.04,
				2.533,
				-3.057,
				2.633,
				-3.057
			]
		},
		{
			"Target": "Parameter",
			"Id": "Param_Angle_Rotation_8_l_l_h",
			"Segments": [
				0,
				1.243,
				1,
				0.1,
				1.243,
				0.2,
				-1.771,
				0.3,
				-1.771,
				1,
				0.444,
				-1.771,
				0.589,
				1.032,
				0.733,
				1.032,
				1,
				0.867,
				1.032,
				1,
				-1.403,
				1.133,
				-1.403,
				1,
				1.278,
				-1.403,
				1.422,
				2.04,
				1.567,
				2.04,
				1,
				1.722,
				2.04,
				1.878,
				-2.007,
				2.033,
				-2.007,
				1,
				2.167,
				-2.007,
				2.3,
				3.138,
				2.433,
				3.138,
				1,
				2.5,
				3.138,
				2.567,
				-0.36,
				2.633,
				-0.36
			]
		},
		{
			"Target": "Parameter",
			"Id": "Param_Angle_Rotation_9_l_l_h",
			"Segments": [
				0,
				2.74,
				1,
				0.133,
				2.74,
				0.267,
				-2.307,
				0.4,
				-2.307,
				1,
				0.544,
				-2.307,
				0.689,
				1.297,
				0.833,
				1.297,
				1,
				0.956,
				1.297,
				1.078,
				-1.833,
				1.2,
				-1.833,
				1,
				1.344,
				-1.833,
				1.489,
				2.43,
				1.633,
				2.43,
				1,
				1.8,
				2.43,
				1.967,
				-2.356,
				2.133,
				-2.356,
				1,
				2.256,
				-2.356,
				2.378,
				3.493,
				2.5,
				3.493,
				1,
				2.544,
				3.493,
				2.589,
				1.304,
				2.633,
				1.304
			]
		},
		{
			"Target": "Parameter",
			"Id": "Param_Angle_Rotation_10_l_l_h",
			"Segments": [
				0,
				3.702,
				1,
				0.011,
				3.702,
				0.022,
				3.767,
				0.033,
				3.767,
				1,
				0.178,
				3.767,
				0.322,
				-3.064,
				0.467,
				-3.064,
				1,
				0.611,
				-3.064,
				0.756,
				1.995,
				0.9,
				1.995,
				1,
				1.033,
				1.995,
				1.167,
				-2.629,
				1.3,
				-2.629,
				1,
				1.433,
				-2.629,
				1.567,
				3.011,
				1.7,
				3.011,
				1,
				1.867,
				3.011,
				2.033,
				-3.08,
				2.2,
				-3.08,
				1,
				2.322,
				-3.08,
				2.444,
				4.259,
				2.567,
				4.259,
				1,
				2.589,
				4.259,
				2.611,
				2.907,
				2.633,
				2.907
			]
		},
		{
			"Target": "Parameter",
			"Id": "Param_Angle_Rotation_11_l_l_h",
			"Segments": [
				0,
				3.702,
				1,
				0.011,
				3.702,
				0.022,
				3.767,
				0.033,
				3.767,
				1,
				0.178,
				3.767,
				0.322,
				-3.064,
				0.467,
				-3.064,
				1,
				0.611,
				-3.064,
				0.756,
				1.995,
				0.9,
				1.995,
				1,
				1.033,
				1.995,
				1.167,
				-2.629,
				1.3,
				-2.629,
				1,
				1.433,
				-2.629,
				1.567,
				3.011,
				1.7,
				3.011,
				1,
				1.867,
				3.011,
				2.033,
				-3.08,
				2.2,
				-3.08,
				1,
				2.322,
				-3.08,
				2.444,
				4.259,
				2.567,
				4.259,
				1,
				2.589,
				4.259,
				2.611,
				2.907,
				2.633,
				2.907
			]
		},
		{
			"Target": "Parameter",
			"Id": "Param_Angle_Rotation_1_rr_h",
			"Segments": [
				0,
				-0.105,
				1,
				0.244,
				-0.105,
				0.489,
				0.196,
				0.733,
				0.196,
				1,
				0.911,
				0.196,
				1.089,
				0,
				1.267,
				0,
				1,
				1.322,
				0,
				1.378,
				0.028,
				1.433,
				0.028,
				1,
				1.578,
				0.028,
				1.722,
				-0.549,
				1.867,
				-0.549,
				1,
				2.044,
				-0.549,
				2.222,
				-0.191,
				2.4,
				-0.191,
				1,
				2.478,
				-0.191,
				2.556,
				-0.227,
				2.633,
				-0.227
			]
		},
		{
			"Target": "Parameter",
			"Id": "Param_Angle_Rotation_2_rr_h",
			"Segments": [
				0,
				-0.105,
				1,
				0.244,
				-0.105,
				0.489,
				0.196,
				0.733,
				0.196,
				1,
				0.911,
				0.196,
				1.089,
				0,
				1.267,
				0,
				1,
				1.322,
				0,
				1.378,
				0.028,
				1.433,
				0.028,
				1,
				1.578,
				0.028,
				1.722,
				-0.549,
				1.867,
				-0.549,
				1,
				2.044,
				-0.549,
				2.222,
				-0.191,
				2.4,
				-0.191,
				1,
				2.478,
				-0.191,
				2.556,
				-0.227,
				2.633,
				-0.227
			]
		},
		{
			"Target": "Parameter",
			"Id": "Param_Angle_Rotation_3_rr_h",
			"Segments": [
				0,
				-0.003,
				1,
				0.044,
				-0.003,
				0.089,
				0.001,
				0.133,
				0.001,
				1,
				0.256,
				0.001,
				0.378,
				-0.117,
				0.5,
				-0.117,
				1,
				0.656,
				-0.117,
				0.811,
				0.133,
				0.967,
				0.133,
				1,
				1.111,
				0.133,
				1.256,
				-0.108,
				1.4,
				-0.108,
				1,
				1.511,
				-0.108,
				1.622,
				0.3,
				1.733,
				0.3,
				1,
				1.878,
				0.3,
				2.022,
				-0.309,
				2.167,
				-0.309,
				1,
				2.311,
				-0.309,
				2.456,
				0.197,
				2.6,
				0.197,
				1,
				2.611,
				0.197,
				2.622,
				0.19,
				2.633,
				0.19
			]
		},
		{
			"Target": "Parameter",
			"Id": "Param_Angle_Rotation_4_rr_h",
			"Segments": [
				0,
				-0.023,
				1,
				0.089,
				-0.023,
				0.178,
				0.008,
				0.267,
				0.008,
				1,
				0.411,
				0.008,
				0.556,
				-0.118,
				0.7,
				-0.118,
				1,
				0.856,
				-0.118,
				1.011,
				0.189,
				1.167,
				0.189,
				1,
				1.3,
				0.189,
				1.433,
				-0.158,
				1.567,
				-0.158,
				1,
				1.689,
				-0.158,
				1.811,
				0.318,
				1.933,
				0.318,
				1,
				2.078,
				0.318,
				2.222,
				-0.43,
				2.367,
				-0.43,
				1,
				2.456,
				-0.43,
				2.544,
				0.133,
				2.633,
				0.133
			]
		},
		{
			"Target": "Parameter",
			"Id": "Param_Angle_Rotation_5_rr_h",
			"Segments": [
				0,
				-0.081,
				1,
				0.133,
				-0.081,
				0.267,
				0.031,
				0.4,
				0.031,
				1,
				0.544,
				0.031,
				0.689,
				-0.125,
				0.833,
				-0.125,
				1,
				0.989,
				-0.125,
				1.144,
				0.245,
				1.3,
				0.245,
				1,
				1.444,
				0.245,
				1.589,
				-0.217,
				1.733,
				-0.217,
				1,
				1.856,
				-0.217,
				1.978,
				0.363,
				2.1,
				0.363,
				1,
				2.233,
				0.363,
				2.367,
				-0.563,
				2.5,
				-0.563,
				1,
				2.544,
				-0.563,
				2.589,
				-0.332,
				2.633,
				-0.332
			]
		},
		{
			"Target": "Parameter",
			"Id": "Param_Angle_Rotation_6_rr_h",
			"Segments": [
				0,
				-0.728,
				1,
				0.033,
				-0.728,
				0.067,
				-0.897,
				0.1,
				-0.897,
				1,
				0.244,
				-0.897,
				0.389,
				0.463,
				0.533,
				0.463,
				1,
				0.667,
				0.463,
				0.8,
				-0.824,
				0.933,
				-0.824,
				1,
				1.089,
				-0.824,
				1.244,
				1.564,
				1.4,
				1.564,
				1,
				1.544,
				1.564,
				1.689,
				-1.6,
				1.833,
				-1.6,
				1,
				1.967,
				-1.6,
				2.1,
				2.374,
				2.233,
				2.374,
				1,
				2.367,
				2.374,
				2.5,
				-3.573,
				2.633,
				-3.573
			]
		},
		{
			"Target": "Parameter",
			"Id": "Param_Angle_Rotation_7_rr_h",
			"Segments": [
				0,
				0.166,
				1,
				0.078,
				0.166,
				0.156,
				-1.801,
				0.233,
				-1.801,
				1,
				0.367,
				-1.801,
				0.5,
				0.761,
				0.633,
				0.761,
				1,
				0.767,
				0.761,
				0.9,
				-1.544,
				1.033,
				-1.544,
				1,
				1.189,
				-1.544,
				1.344,
				2.69,
				1.5,
				2.69,
				1,
				1.656,
				2.69,
				1.811,
				-2.215,
				1.967,
				-2.215,
				1,
				2.089,
				-2.215,
				2.211,
				3.649,
				2.333,
				3.649,
				1,
				2.433,
				3.649,
				2.533,
				-3.668,
				2.633,
				-3.668
			]
		},
		{
			"Target": "Parameter",
			"Id": "Param_Angle_Rotation_8_rr_h",
			"Segments": [
				0,
				1.491,
				1,
				0.1,
				1.491,
				0.2,
				-2.125,
				0.3,
				-2.125,
				1,
				0.444,
				-2.125,
				0.589,
				1.239,
				0.733,
				1.239,
				1,
				0.867,
				1.239,
				1,
				-1.683,
				1.133,
				-1.683,
				1,
				1.278,
				-1.683,
				1.422,
				2.448,
				1.567,
				2.448,
				1,
				1.722,
				2.448,
				1.878,
				-2.409,
				2.033,
				-2.409,
				1,
				2.167,
				-2.409,
				2.3,
				3.765,
				2.433,
				3.765,
				1,
				2.5,
				3.765,
				2.567,
				-0.432,
				2.633,
				-0.432
			]
		},
		{
			"Target": "Parameter",
			"Id": "Param_Angle_Rotation_9_rr_h",
			"Segments": [
				0,
				3.289,
				1,
				0.133,
				3.289,
				0.267,
				-2.768,
				0.4,
				-2.768,
				1,
				0.544,
				-2.768,
				0.689,
				1.557,
				0.833,
				1.557,
				1,
				0.956,
				1.557,
				1.078,
				-2.199,
				1.2,
				-2.199,
				1,
				1.344,
				-2.199,
				1.489,
				2.916,
				1.633,
				2.916,
				1,
				1.8,
				2.916,
				1.967,
				-2.827,
				2.133,
				-2.827,
				1,
				2.256,
				-2.827,
				2.378,
				4.192,
				2.5,
				4.192,
				1,
				2.544,
				4.192,
				2.589,
				1.564,
				2.633,
				1.564
			]
		},
		{
			"Target": "Parameter",
			"Id": "Param_Angle_Rotation_10_rr_h",
			"Segments": [
				0,
				3.702,
				1,
				0.011,
				3.702,
				0.022,
				3.767,
				0.033,
				3.767,
				1,
				0.178,
				3.767,
				0.322,
				-3.064,
				0.467,
				-3.064,
				1,
				0.611,
				-3.064,
				0.756,
				1.995,
				0.9,
				1.995,
				1,
				1.033,
				1.995,
				1.167,
				-2.629,
				1.3,
				-2.629,
				1,
				1.433,
				-2.629,
				1.567,
				3.011,
				1.7,
				3.011,
				1,
				1.867,
				3.011,
				2.033,
				-3.08,
				2.2,
				-3.08,
				1,
				2.322,
				-3.08,
				2.444,
				4.259,
				2.567,
				4.259,
				1,
				2.589,
				4.259,
				2.611,
				2.907,
				2.633,
				2.907
			]
		},
		{
			"Target": "Parameter",
			"Id": "Param_Angle_Rotation_11_rr_h",
			"Segments": [
				0,
				3.702,
				1,
				0.011,
				3.702,
				0.022,
				3.767,
				0.033,
				3.767,
				1,
				0.178,
				3.767,
				0.322,
				-3.064,
				0.467,
				-3.064,
				1,
				0.611,
				-3.064,
				0.756,
				1.995,
				0.9,
				1.995,
				1,
				1.033,
				1.995,
				1.167,
				-2.629,
				1.3,
				-2.629,
				1,
				1.433,
				-2.629,
				1.567,
				3.011,
				1.7,
				3.011,
				1,
				1.867,
				3.011,
				2.033,
				-3.08,
				2.2,
				-3.08,
				1,
				2.322,
				-3.08,
				2.444,
				4.259,
				2.567,
				4.259,
				1,
				2.589,
				4.259,
				2.611,
				2.907,
				2.633,
				2.907
			]
		},
		{
			"Target": "Parameter",
			"Id": "Param_Angle_Rotation_1_shadow_m",
			"Segments": [
				0,
				-0.105,
				1,
				0.244,
				-0.105,
				0.489,
				0.196,
				0.733,
				0.196,
				1,
				0.911,
				0.196,
				1.089,
				0,
				1.267,
				0,
				1,
				1.322,
				0,
				1.378,
				0.028,
				1.433,
				0.028,
				1,
				1.578,
				0.028,
				1.722,
				-0.549,
				1.867,
				-0.549,
				1,
				2.044,
				-0.549,
				2.222,
				-0.191,
				2.4,
				-0.191,
				1,
				2.478,
				-0.191,
				2.556,
				-0.227,
				2.633,
				-0.227
			]
		},
		{
			"Target": "Parameter",
			"Id": "Param_Angle_Rotation_2_shadow_m",
			"Segments": [
				0,
				-0.105,
				1,
				0.244,
				-0.105,
				0.489,
				0.196,
				0.733,
				0.196,
				1,
				0.911,
				0.196,
				1.089,
				0,
				1.267,
				0,
				1,
				1.322,
				0,
				1.378,
				0.028,
				1.433,
				0.028,
				1,
				1.578,
				0.028,
				1.722,
				-0.549,
				1.867,
				-0.549,
				1,
				2.044,
				-0.549,
				2.222,
				-0.191,
				2.4,
				-0.191,
				1,
				2.478,
				-0.191,
				2.556,
				-0.227,
				2.633,
				-0.227
			]
		},
		{
			"Target": "Parameter",
			"Id": "Param_Angle_Rotation_3_shadow_m",
			"Segments": [
				0,
				-0.003,
				1,
				0.044,
				-0.003,
				0.089,
				0.001,
				0.133,
				0.001,
				1,
				0.256,
				0.001,
				0.378,
				-0.117,
				0.5,
				-0.117,
				1,
				0.656,
				-0.117,
				0.811,
				0.133,
				0.967,
				0.133,
				1,
				1.111,
				0.133,
				1.256,
				-0.108,
				1.4,
				-0.108,
				1,
				1.511,
				-0.108,
				1.622,
				0.3,
				1.733,
				0.3,
				1,
				1.878,
				0.3,
				2.022,
				-0.309,
				2.167,
				-0.309,
				1,
				2.311,
				-0.309,
				2.456,
				0.197,
				2.6,
				0.197,
				1,
				2.611,
				0.197,
				2.622,
				0.19,
				2.633,
				0.19
			]
		},
		{
			"Target": "Parameter",
			"Id": "Param_Angle_Rotation_4_shadow_m",
			"Segments": [
				0,
				-0.093,
				1,
				0.089,
				-0.093,
				0.178,
				0.033,
				0.267,
				0.033,
				1,
				0.411,
				0.033,
				0.556,
				-0.471,
				0.7,
				-0.471,
				1,
				0.856,
				-0.471,
				1.011,
				0.757,
				1.167,
				0.757,
				1,
				1.3,
				0.757,
				1.433,
				-0.631,
				1.567,
				-0.631,
				1,
				1.689,
				-0.631,
				1.811,
				1.27,
				1.933,
				1.27,
				1,
				2.078,
				1.27,
				2.222,
				-1.721,
				2.367,
				-1.721,
				1,
				2.456,
				-1.721,
				2.544,
				0.533,
				2.633,
				0.533
			]
		},
		{
			"Target": "Parameter",
			"Id": "Param_Angle_Rotation_5_shadow_m",
			"Segments": [
				0,
				-0.405,
				1,
				0.133,
				-0.405,
				0.267,
				0.157,
				0.4,
				0.157,
				1,
				0.544,
				0.157,
				0.689,
				-0.625,
				0.833,
				-0.625,
				1,
				0.989,
				-0.625,
				1.144,
				1.224,
				1.3,
				1.224,
				1,
				1.444,
				1.224,
				1.589,
				-1.087,
				1.733,
				-1.087,
				1,
				1.856,
				-1.087,
				1.978,
				1.813,
				2.1,
				1.813,
				1,
				2.233,
				1.813,
				2.367,
				-2.816,
				2.5,
				-2.816,
				1,
				2.544,
				-2.816,
				2.589,
				-1.661,
				2.633,
				-1.661
			]
		},
		{
			"Target": "Parameter",
			"Id": "Param_Angle_Rotation_6_shadow_m",
			"Segments": [
				0,
				-0.728,
				1,
				0.033,
				-0.728,
				0.067,
				-0.897,
				0.1,
				-0.897,
				1,
				0.244,
				-0.897,
				0.389,
				0.463,
				0.533,
				0.463,
				1,
				0.667,
				0.463,
				0.8,
				-0.824,
				0.933,
				-0.824,
				1,
				1.089,
				-0.824,
				1.244,
				1.564,
				1.4,
				1.564,
				1,
				1.544,
				1.564,
				1.689,
				-1.6,
				1.833,
				-1.6,
				1,
				1.967,
				-1.6,
				2.1,
				2.374,
				2.233,
				2.374,
				1,
				2.367,
				2.374,
				2.5,
				-3.573,
				2.633,
				-3.573
			]
		},
		{
			"Target": "Parameter",
			"Id": "Param_Angle_Rotation_7_shadow_m",
			"Segments": [
				0,
				0.139,
				1,
				0.078,
				0.139,
				0.156,
				-1.501,
				0.233,
				-1.501,
				1,
				0.367,
				-1.501,
				0.5,
				0.634,
				0.633,
				0.634,
				1,
				0.767,
				0.634,
				0.9,
				-1.287,
				1.033,
				-1.287,
				1,
				1.189,
				-1.287,
				1.344,
				2.242,
				1.5,
				2.242,
				1,
				1.656,
				2.242,
				1.811,
				-1.846,
				1.967,
				-1.846,
				1,
				2.089,
				-1.846,
				2.211,
				3.04,
				2.333,
				3.04,
				1,
				2.433,
				3.04,
				2.533,
				-3.057,
				2.633,
				-3.057
			]
		},
		{
			"Target": "Parameter",
			"Id": "Param_Angle_Rotation_8_shadow_m",
			"Segments": [
				0,
				1.491,
				1,
				0.1,
				1.491,
				0.2,
				-2.125,
				0.3,
				-2.125,
				1,
				0.444,
				-2.125,
				0.589,
				1.239,
				0.733,
				1.239,
				1,
				0.867,
				1.239,
				1,
				-1.683,
				1.133,
				-1.683,
				1,
				1.278,
				-1.683,
				1.422,
				2.448,
				1.567,
				2.448,
				1,
				1.722,
				2.448,
				1.878,
				-2.409,
				2.033,
				-2.409,
				1,
				2.167,
				-2.409,
				2.3,
				3.765,
				2.433,
				3.765,
				1,
				2.5,
				3.765,
				2.567,
				-0.432,
				2.633,
				-0.432
			]
		},
		{
			"Target": "Parameter",
			"Id": "Param_Angle_Rotation_9_shadow_m",
			"Segments": [
				0,
				3.289,
				1,
				0.133,
				3.289,
				0.267,
				-2.768,
				0.4,
				-2.768,
				1,
				0.544,
				-2.768,
				0.689,
				1.557,
				0.833,
				1.557,
				1,
				0.956,
				1.557,
				1.078,
				-2.199,
				1.2,
				-2.199,
				1,
				1.344,
				-2.199,
				1.489,
				2.916,
				1.633,
				2.916,
				1,
				1.8,
				2.916,
				1.967,
				-2.827,
				2.133,
				-2.827,
				1,
				2.256,
				-2.827,
				2.378,
				4.192,
				2.5,
				4.192,
				1,
				2.544,
				4.192,
				2.589,
				1.564,
				2.633,
				1.564
			]
		}
	]
}