{
	"Version": 3,
	"Meta": {
		"Duration": 3.2,
		"Fps": 30.0,
		"Loop": true,
		"AreBeziersRestricted": true,
		"CurveCount": 78,
		"TotalSegmentCount": 585,
		"TotalPointCount": 1811,
		"UserDataCount": 0,
		"TotalUserDataSize": 0
	},
	"Curves": [
		{
			"Target": "Parameter",
			"Id": "ParamAngleZ",
			"Segments": [
				0,
				0,
				0,
				0.1,
				0,
				1,
				0.233,
				0,
				0.367,
				16.899,
				0.5,
				20.414,
				1,
				0.622,
				23.636,
				0.744,
				23.33,
				0.867,
				23.33,
				1,
				0.967,
				23.33,
				1.067,
				20.414,
				1.167,
				20.414,
				1,
				1.233,
				20.414,
				1.3,
				23.33,
				1.367,
				23.33,
				1,
				1.467,
				23.33,
				1.567,
				-25.277,
				1.667,
				-25.277,
				1,
				1.778,
				-25.277,
				1.889,
				-22.655,
				2,
				-22.655,
				1,
				2.144,
				-22.655,
				2.289,
				-25.277,
				2.433,
				-25.277,
				1,
				2.5,
				-25.277,
				2.567,
				-24.232,
				2.633,
				-18.536,
				1,
				2.756,
				-8.092,
				2.878,
				0,
				3,
				0,
				0,
				3.2,
				0
			]
		},
		{
			"Target": "Parameter",
			"Id": "ParamMouthForm",
			"Segments": [
				0,
				0,
				0,
				0.033,
				0,
				1,
				0.122,
				0,
				0.211,
				1,
				0.3,
				1,
				1,
				0.578,
				1,
				0.856,
				0.985,
				1.133,
				0.9,
				1,
				1.222,
				0.873,
				1.311,
				0.622,
				1.4,
				0.4,
				1,
				1.433,
				0.317,
				1.467,
				-0.9,
				1.5,
				-0.9,
				1,
				1.522,
				-0.9,
				1.544,
				0.6,
				1.567,
				0.6,
				1,
				1.589,
				0.6,
				1.611,
				-1,
				1.633,
				-1,
				1,
				1.644,
				-1,
				1.656,
				-0.9,
				1.667,
				-0.9,
				1,
				1.689,
				-0.9,
				1.711,
				-1,
				1.733,
				-1,
				1,
				1.756,
				-1,
				1.778,
				-0.932,
				1.8,
				-0.9,
				1,
				1.856,
				-0.82,
				1.911,
				-0.802,
				1.967,
				-0.7,
				1,
				2,
				-0.639,
				2.033,
				0.2,
				2.067,
				0.2,
				1,
				2.111,
				0.2,
				2.156,
				0,
				2.2,
				0,
				0,
				3.2,
				0
			]
		},
		{
			"Target": "Parameter",
			"Id": "ParamMouthOpenY",
			"Segments": [
				0,
				0,
				0,
				0.033,
				0,
				1,
				0.1,
				0,
				0.167,
				0.2,
				0.233,
				0.2,
				1,
				0.3,
				0.2,
				0.367,
				0.121,
				0.433,
				0.121,
				1,
				0.5,
				0.121,
				0.567,
				0.2,
				0.633,
				0.2,
				1,
				0.711,
				0.2,
				0.789,
				0.182,
				0.867,
				0.121,
				1,
				0.956,
				0.051,
				1.044,
				0,
				1.133,
				0,
				1,
				1.222,
				0,
				1.311,
				0.068,
				1.4,
				0.408,
				1,
				1.433,
				0.536,
				1.467,
				1,
				1.5,
				1,
				1,
				1.522,
				1,
				1.544,
				0.218,
				1.567,
				0.1,
				1,
				1.589,
				-0.018,
				1.611,
				0,
				1.633,
				0,
				1,
				1.644,
				0,
				1.656,
				0.652,
				1.667,
				0.7,
				1,
				1.689,
				0.795,
				1.711,
				0.8,
				1.733,
				0.8,
				1,
				1.756,
				0.8,
				1.778,
				0,
				1.8,
				0,
				1,
				1.856,
				0,
				1.911,
				1,
				1.967,
				1,
				1,
				2,
				1,
				2.033,
				1.014,
				2.067,
				0.8,
				1,
				2.111,
				0.514,
				2.156,
				0,
				2.2,
				0,
				0,
				3.2,
				0
			]
		},
		{
			"Target": "Parameter",
			"Id": "Param8",
			"Segments": [
				0,
				0,
				1,
				1.067,
				0,
				2.133,
				0,
				3.2,
				0
			]
		},
		{
			"Target": "Parameter",
			"Id": "Param9",
			"Segments": [
				0,
				0,
				1,
				1.067,
				0,
				2.133,
				0,
				3.2,
				0
			]
		},
		{
			"Target": "Parameter",
			"Id": "Param13",
			"Segments": [
				0,
				12.316,
				0,
				1.367,
				12.316,
				1,
				1.489,
				12.316,
				1.611,
				-23.053,
				1.733,
				-23.053,
				0,
				3.2,
				-23.053
			]
		},
		{
			"Target": "Parameter",
			"Id": "Param2",
			"Segments": [
				0,
				-5.233,
				1,
				0.033,
				-5.233,
				0.067,
				-5.234,
				0.1,
				-5.234,
				1,
				0.278,
				-5.234,
				0.456,
				7.254,
				0.633,
				7.254,
				1,
				0.778,
				7.254,
				0.922,
				2.484,
				1.067,
				2.484,
				1,
				1.178,
				2.484,
				1.289,
				4.546,
				1.4,
				4.546,
				1,
				1.522,
				4.546,
				1.644,
				-25.873,
				1.767,
				-25.873,
				1,
				1.889,
				-25.873,
				2.011,
				-9.118,
				2.133,
				-9.118,
				1,
				2.256,
				-9.118,
				2.378,
				-18.526,
				2.5,
				-18.526,
				1,
				2.656,
				-18.526,
				2.811,
				-0.819,
				2.967,
				-0.819,
				1,
				3.044,
				-0.819,
				3.122,
				-5.834,
				3.2,
				-5.834
			]
		},
		{
			"Target": "Parameter",
			"Id": "Param3",
			"Segments": [
				0,
				0.024,
				1,
				0.011,
				0.024,
				0.022,
				0.026,
				0.033,
				0.026,
				1,
				0.167,
				0.026,
				0.3,
				-3.356,
				0.433,
				-3.356,
				1,
				0.544,
				-3.356,
				0.656,
				4.711,
				0.767,
				4.711,
				1,
				0.878,
				4.711,
				0.989,
				-3.076,
				1.1,
				-3.076,
				1,
				1.278,
				-3.076,
				1.456,
				11.756,
				1.633,
				11.756,
				1,
				1.733,
				11.756,
				1.833,
				-16.54,
				1.933,
				-16.54,
				1,
				2.056,
				-16.54,
				2.178,
				13.653,
				2.3,
				13.653,
				1,
				2.422,
				13.653,
				2.544,
				-11.117,
				2.667,
				-11.117,
				1,
				2.8,
				-11.117,
				2.933,
				8.651,
				3.067,
				8.651,
				1,
				3.111,
				8.651,
				3.156,
				3.739,
				3.2,
				3.739
			]
		},
		{
			"Target": "Parameter",
			"Id": "Param20",
			"Segments": [
				0,
				0,
				1,
				0.067,
				0,
				0.133,
				0.9,
				0.2,
				0.9,
				0,
				3.2,
				0.9
			]
		},
		{
			"Target": "Parameter",
			"Id": "Param",
			"Segments": [
				0,
				0,
				1,
				0.067,
				0,
				0.133,
				1,
				0.2,
				1,
				1,
				1.011,
				1,
				1.822,
				1,
				2.633,
				1,
				1,
				2.733,
				1,
				2.833,
				1,
				2.933,
				1,
				1,
				3.022,
				1,
				3.111,
				0,
				3.2,
				0
			]
		},
		{
			"Target": "Parameter",
			"Id": "ParamBrowLY",
			"Segments": [
				0,
				0.032,
				0,
				1.6,
				0.032,
				1,
				1.711,
				0.032,
				1.822,
				0.905,
				1.933,
				0.905,
				0,
				3.2,
				0.905
			]
		},
		{
			"Target": "Parameter",
			"Id": "ParamBodyAngleX",
			"Segments": [
				0,
				0,
				1,
				1.067,
				0,
				2.133,
				0,
				3.2,
				0
			]
		},
		{
			"Target": "Parameter",
			"Id": "ParamBodyAngleY",
			"Segments": [
				0,
				0,
				1,
				1.067,
				0,
				2.133,
				0,
				3.2,
				0
			]
		},
		{
			"Target": "Parameter",
			"Id": "ParamBodyAngleZ",
			"Segments": [
				0,
				0,
				1,
				0.044,
				0,
				0.089,
				0,
				0.133,
				0,
				1,
				0.322,
				0,
				0.511,
				6.123,
				0.7,
				6.123,
				1,
				0.878,
				6.123,
				1.056,
				4.633,
				1.233,
				4.633,
				1,
				1.289,
				4.633,
				1.344,
				5.126,
				1.4,
				5.126,
				1,
				1.544,
				5.126,
				1.689,
				-8.028,
				1.833,
				-8.028,
				1,
				1.956,
				-8.028,
				2.078,
				-5.107,
				2.2,
				-5.107,
				1,
				2.3,
				-5.107,
				2.4,
				-5.86,
				2.5,
				-5.86,
				1,
				2.689,
				-5.86,
				2.878,
				0.918,
				3.067,
				0.918,
				1,
				3.111,
				0.918,
				3.156,
				0.581,
				3.2,
				0.581
			]
		},
		{
			"Target": "Parameter",
			"Id": "Param6",
			"Segments": [
				0,
				-5.192,
				1,
				0.211,
				-5.192,
				0.422,
				8.598,
				0.633,
				8.598,
				1,
				0.767,
				8.598,
				0.9,
				1.157,
				1.033,
				1.157,
				1,
				1.156,
				1.157,
				1.278,
				5.561,
				1.4,
				5.561,
				1,
				1.533,
				5.561,
				1.667,
				-29.886,
				1.8,
				-29.886,
				1,
				1.922,
				-29.886,
				2.044,
				-5.026,
				2.167,
				-5.026,
				1,
				2.289,
				-5.026,
				2.411,
				-22.009,
				2.533,
				-22.009,
				1,
				2.678,
				-22.009,
				2.822,
				3.446,
				2.967,
				3.446,
				1,
				3.044,
				3.446,
				3.122,
				-7.092,
				3.2,
				-7.092
			]
		},
		{
			"Target": "Parameter",
			"Id": "Param7",
			"Segments": [
				0,
				-0.791,
				1,
				0.056,
				-0.791,
				0.111,
				0.892,
				0.167,
				0.892,
				1,
				0.256,
				0.892,
				0.344,
				-3.7,
				0.433,
				-3.7,
				1,
				0.556,
				-3.7,
				0.678,
				7.446,
				0.8,
				7.446,
				1,
				0.922,
				7.446,
				1.044,
				-7.262,
				1.167,
				-7.262,
				1,
				1.311,
				-7.262,
				1.456,
				15.627,
				1.6,
				15.627,
				1,
				1.722,
				15.627,
				1.844,
				-26.826,
				1.967,
				-26.826,
				1,
				2.089,
				-26.826,
				2.211,
				26.426,
				2.333,
				26.426,
				1,
				2.456,
				26.426,
				2.578,
				-25.203,
				2.7,
				-25.203,
				1,
				2.833,
				-25.203,
				2.967,
				23.565,
				3.1,
				23.565,
				1,
				3.133,
				23.565,
				3.167,
				15.824,
				3.2,
				15.824
			]
		},
		{
			"Target": "Parameter",
			"Id": "Param4",
			"Segments": [
				0,
				-2.099,
				1,
				0.211,
				-2.099,
				0.422,
				1.348,
				0.633,
				1.348,
				1,
				0.789,
				1.348,
				0.944,
				-0.335,
				1.1,
				-0.335,
				1,
				1.2,
				-0.335,
				1.3,
				0.492,
				1.4,
				0.492,
				1,
				1.533,
				0.492,
				1.667,
				-7.897,
				1.8,
				-7.897,
				1,
				1.922,
				-7.897,
				2.044,
				-2.706,
				2.167,
				-2.706,
				1,
				2.289,
				-2.706,
				2.411,
				-5.773,
				2.533,
				-5.773,
				1,
				2.689,
				-5.773,
				2.844,
				-0.36,
				3,
				-0.36,
				1,
				3.067,
				-0.36,
				3.133,
				-2.023,
				3.2,
				-2.023
			]
		},
		{
			"Target": "Parameter",
			"Id": "Param5",
			"Segments": [
				0,
				-0.032,
				1,
				0.022,
				-0.032,
				0.044,
				-0.04,
				0.067,
				-0.04,
				1,
				0.078,
				-0.04,
				0.089,
				-0.039,
				0.1,
				-0.039,
				1,
				0.211,
				-0.039,
				0.322,
				-0.832,
				0.433,
				-0.832,
				1,
				0.567,
				-0.832,
				0.7,
				1.254,
				0.833,
				1.254,
				1,
				0.967,
				1.254,
				1.1,
				-0.945,
				1.233,
				-0.945,
				1,
				1.378,
				-0.945,
				1.522,
				3.12,
				1.667,
				3.12,
				1,
				1.778,
				3.12,
				1.889,
				-4.207,
				2,
				-4.207,
				1,
				2.122,
				-4.207,
				2.244,
				3.531,
				2.367,
				3.531,
				1,
				2.5,
				3.531,
				2.633,
				-3.414,
				2.767,
				-3.414,
				1,
				2.9,
				-3.414,
				3.033,
				3.024,
				3.167,
				3.024,
				1,
				3.178,
				3.024,
				3.189,
				2.93,
				3.2,
				2.93
			]
		},
		{
			"Target": "Parameter",
			"Id": "Param_Angle_Rotation_1_m_h",
			"Segments": [
				0,
				-0.104,
				1,
				0.033,
				-0.104,
				0.067,
				-0.105,
				0.1,
				-0.105,
				1,
				0.311,
				-0.105,
				0.522,
				0.196,
				0.733,
				0.196,
				1,
				0.911,
				0.196,
				1.089,
				-0.002,
				1.267,
				-0.002,
				1,
				1.322,
				-0.002,
				1.378,
				0.025,
				1.433,
				0.025,
				1,
				1.578,
				0.025,
				1.722,
				-0.548,
				1.867,
				-0.548,
				1,
				2.044,
				-0.548,
				2.222,
				-0.192,
				2.4,
				-0.192,
				1,
				2.478,
				-0.192,
				2.556,
				-0.243,
				2.633,
				-0.243,
				1,
				2.811,
				-0.243,
				2.989,
				-0.01,
				3.167,
				-0.01,
				1,
				3.178,
				-0.01,
				3.189,
				-0.013,
				3.2,
				-0.013
			]
		},
		{
			"Target": "Parameter",
			"Id": "Param_Angle_Rotation_2_m_h",
			"Segments": [
				0,
				0.003,
				1,
				0.167,
				0.003,
				0.333,
				-0.12,
				0.5,
				-0.12,
				1,
				0.656,
				-0.12,
				0.811,
				0.135,
				0.967,
				0.135,
				1,
				1.111,
				0.135,
				1.256,
				-0.104,
				1.4,
				-0.104,
				1,
				1.511,
				-0.104,
				1.622,
				0.297,
				1.733,
				0.297,
				1,
				1.878,
				0.297,
				2.022,
				-0.307,
				2.167,
				-0.307,
				1,
				2.311,
				-0.307,
				2.456,
				0.21,
				2.6,
				0.21,
				1,
				2.733,
				0.21,
				2.867,
				-0.196,
				3,
				-0.196,
				1,
				3.067,
				-0.196,
				3.133,
				-0.03,
				3.2,
				-0.03
			]
		},
		{
			"Target": "Parameter",
			"Id": "Param_Angle_Rotation_3_m_h",
			"Segments": [
				0,
				0.039,
				1,
				0.222,
				0.039,
				0.444,
				-0.356,
				0.667,
				-0.356,
				1,
				0.833,
				-0.356,
				1,
				0.57,
				1.167,
				0.57,
				1,
				1.3,
				0.57,
				1.433,
				-0.47,
				1.567,
				-0.47,
				1,
				1.689,
				-0.47,
				1.811,
				0.946,
				1.933,
				0.946,
				1,
				2.078,
				0.946,
				2.222,
				-1.282,
				2.367,
				-1.282,
				1,
				2.511,
				-1.282,
				2.656,
				1.101,
				2.8,
				1.101,
				1,
				2.933,
				1.101,
				3.067,
				-0.967,
				3.2,
				-0.967
			]
		},
		{
			"Target": "Parameter",
			"Id": "Param_Angle_Rotation_4_m_h",
			"Segments": [
				0,
				0.178,
				1,
				0.256,
				0.178,
				0.511,
				-0.423,
				0.767,
				-0.423,
				1,
				0.933,
				-0.423,
				1.1,
				0.94,
				1.267,
				0.94,
				1,
				1.411,
				0.94,
				1.556,
				-0.85,
				1.7,
				-0.85,
				1,
				1.833,
				-0.85,
				1.967,
				1.441,
				2.1,
				1.441,
				1,
				2.233,
				1.441,
				2.367,
				-2.243,
				2.5,
				-2.243,
				1,
				2.644,
				-2.243,
				2.789,
				2.273,
				2.933,
				2.273,
				1,
				3.022,
				2.273,
				3.111,
				-0.514,
				3.2,
				-0.514
			]
		},
		{
			"Target": "Parameter",
			"Id": "Param_Angle_Rotation_5_m_h",
			"Segments": [
				0,
				0.463,
				1,
				0.022,
				0.463,
				0.044,
				0.534,
				0.067,
				0.534,
				1,
				0.333,
				0.534,
				0.6,
				-0.44,
				0.867,
				-0.44,
				1,
				1.044,
				-0.44,
				1.222,
				1.357,
				1.4,
				1.357,
				1,
				1.544,
				1.357,
				1.689,
				-1.511,
				1.833,
				-1.511,
				1,
				1.967,
				-1.511,
				2.1,
				2.327,
				2.233,
				2.327,
				1,
				2.367,
				2.327,
				2.5,
				-3.552,
				2.633,
				-3.552,
				1,
				2.778,
				-3.552,
				2.922,
				3.966,
				3.067,
				3.966,
				1,
				3.111,
				3.966,
				3.156,
				2.332,
				3.2,
				2.332
			]
		},
		{
			"Target": "Parameter",
			"Id": "Param_Angle_Rotation_6_m_h",
			"Segments": [
				0,
				0.047,
				1,
				0.067,
				0.047,
				0.133,
				0.925,
				0.2,
				0.925,
				1,
				0.378,
				0.925,
				0.556,
				-0.861,
				0.733,
				-0.861,
				1,
				0.989,
				-0.861,
				1.244,
				1.895,
				1.5,
				1.895,
				1,
				1.656,
				1.895,
				1.811,
				-1.696,
				1.967,
				-1.696,
				1,
				2.089,
				-1.696,
				2.211,
				2.973,
				2.333,
				2.973,
				1,
				2.467,
				2.973,
				2.6,
				-4.354,
				2.733,
				-4.354,
				1,
				2.878,
				-4.354,
				3.022,
				4.705,
				3.167,
				4.705,
				1,
				3.178,
				4.705,
				3.189,
				4.697,
				3.2,
				4.697
			]
		},
		{
			"Target": "Parameter",
			"Id": "Param_Angle_Rotation_7_m_h",
			"Segments": [
				0,
				-0.65,
				1,
				0.089,
				-0.65,
				0.178,
				1.164,
				0.267,
				1.164,
				1,
				0.422,
				1.164,
				0.578,
				-0.822,
				0.733,
				-0.822,
				1,
				1.011,
				-0.822,
				1.289,
				1.578,
				1.567,
				1.578,
				1,
				1.722,
				1.578,
				1.878,
				-1.834,
				2.033,
				-1.834,
				1,
				2.167,
				-1.834,
				2.3,
				3.027,
				2.433,
				3.027,
				1,
				2.544,
				3.027,
				2.656,
				-4.027,
				2.767,
				-4.027,
				1,
				2.911,
				-4.027,
				3.056,
				3.632,
				3.2,
				3.632
			]
		},
		{
			"Target": "Parameter",
			"Id": "Param_Angle_Rotation_8_m_h",
			"Segments": [
				0,
				-2.342,
				1,
				0.122,
				-2.342,
				0.244,
				1.975,
				0.367,
				1.975,
				1,
				0.522,
				1.975,
				0.678,
				-1.55,
				0.833,
				-1.55,
				1,
				1.111,
				-1.55,
				1.389,
				2.304,
				1.667,
				2.304,
				1,
				1.822,
				2.304,
				1.978,
				-2.614,
				2.133,
				-2.614,
				1,
				2.256,
				-2.614,
				2.378,
				4.051,
				2.5,
				4.051,
				1,
				2.611,
				4.051,
				2.722,
				-4.972,
				2.833,
				-4.972,
				1,
				2.956,
				-4.972,
				3.078,
				1.725,
				3.2,
				1.725
			]
		},
		{
			"Target": "Parameter",
			"Id": "Param_Angle_Rotation_9_m_h",
			"Segments": [
				0,
				-3.116,
				1,
				0.156,
				-3.116,
				0.311,
				2.432,
				0.467,
				2.432,
				1,
				0.611,
				2.432,
				0.756,
				-1.846,
				0.9,
				-1.846,
				1,
				1.178,
				-1.846,
				1.456,
				2.358,
				1.733,
				2.358,
				1,
				1.889,
				2.358,
				2.044,
				-2.902,
				2.2,
				-2.902,
				1,
				2.311,
				-2.902,
				2.422,
				4.153,
				2.533,
				4.153,
				1,
				2.644,
				4.153,
				2.756,
				-4.502,
				2.867,
				-4.502,
				1,
				2.978,
				-4.502,
				3.089,
				0.122,
				3.2,
				0.122
			]
		},
		{
			"Target": "Parameter",
			"Id": "Param_Angle_Rotation_1_l_m_h",
			"Segments": [
				0,
				-0.104,
				1,
				0.033,
				-0.104,
				0.067,
				-0.105,
				0.1,
				-0.105,
				1,
				0.311,
				-0.105,
				0.522,
				0.196,
				0.733,
				0.196,
				1,
				0.911,
				0.196,
				1.089,
				-0.002,
				1.267,
				-0.002,
				1,
				1.322,
				-0.002,
				1.378,
				0.025,
				1.433,
				0.025,
				1,
				1.578,
				0.025,
				1.722,
				-0.548,
				1.867,
				-0.548,
				1,
				2.044,
				-0.548,
				2.222,
				-0.192,
				2.4,
				-0.192,
				1,
				2.478,
				-0.192,
				2.556,
				-0.243,
				2.633,
				-0.243,
				1,
				2.811,
				-0.243,
				2.989,
				-0.01,
				3.167,
				-0.01,
				1,
				3.178,
				-0.01,
				3.189,
				-0.013,
				3.2,
				-0.013
			]
		},
		{
			"Target": "Parameter",
			"Id": "Param_Angle_Rotation_2_l_m_h",
			"Segments": [
				0,
				-0.104,
				1,
				0.033,
				-0.104,
				0.067,
				-0.105,
				0.1,
				-0.105,
				1,
				0.311,
				-0.105,
				0.522,
				0.196,
				0.733,
				0.196,
				1,
				0.911,
				0.196,
				1.089,
				-0.002,
				1.267,
				-0.002,
				1,
				1.322,
				-0.002,
				1.378,
				0.025,
				1.433,
				0.025,
				1,
				1.578,
				0.025,
				1.722,
				-0.548,
				1.867,
				-0.548,
				1,
				2.044,
				-0.548,
				2.222,
				-0.192,
				2.4,
				-0.192,
				1,
				2.478,
				-0.192,
				2.556,
				-0.243,
				2.633,
				-0.243,
				1,
				2.811,
				-0.243,
				2.989,
				-0.01,
				3.167,
				-0.01,
				1,
				3.178,
				-0.01,
				3.189,
				-0.013,
				3.2,
				-0.013
			]
		},
		{
			"Target": "Parameter",
			"Id": "Param_Angle_Rotation_3_l_m_h",
			"Segments": [
				0,
				0.003,
				1,
				0.167,
				0.003,
				0.333,
				-0.12,
				0.5,
				-0.12,
				1,
				0.656,
				-0.12,
				0.811,
				0.135,
				0.967,
				0.135,
				1,
				1.111,
				0.135,
				1.256,
				-0.104,
				1.4,
				-0.104,
				1,
				1.511,
				-0.104,
				1.622,
				0.297,
				1.733,
				0.297,
				1,
				1.878,
				0.297,
				2.022,
				-0.307,
				2.167,
				-0.307,
				1,
				2.311,
				-0.307,
				2.456,
				0.21,
				2.6,
				0.21,
				1,
				2.733,
				0.21,
				2.867,
				-0.196,
				3,
				-0.196,
				1,
				3.067,
				-0.196,
				3.133,
				-0.03,
				3.2,
				-0.03
			]
		},
		{
			"Target": "Parameter",
			"Id": "Param_Angle_Rotation_4_l_m_h",
			"Segments": [
				0,
				0.039,
				1,
				0.222,
				0.039,
				0.444,
				-0.356,
				0.667,
				-0.356,
				1,
				0.833,
				-0.356,
				1,
				0.57,
				1.167,
				0.57,
				1,
				1.3,
				0.57,
				1.433,
				-0.47,
				1.567,
				-0.47,
				1,
				1.689,
				-0.47,
				1.811,
				0.946,
				1.933,
				0.946,
				1,
				2.078,
				0.946,
				2.222,
				-1.282,
				2.367,
				-1.282,
				1,
				2.511,
				-1.282,
				2.656,
				1.101,
				2.8,
				1.101,
				1,
				2.933,
				1.101,
				3.067,
				-0.967,
				3.2,
				-0.967
			]
		},
		{
			"Target": "Parameter",
			"Id": "Param_Angle_Rotation_5_l_m_h",
			"Segments": [
				0,
				0.178,
				1,
				0.256,
				0.178,
				0.511,
				-0.423,
				0.767,
				-0.423,
				1,
				0.933,
				-0.423,
				1.1,
				0.94,
				1.267,
				0.94,
				1,
				1.411,
				0.94,
				1.556,
				-0.85,
				1.7,
				-0.85,
				1,
				1.833,
				-0.85,
				1.967,
				1.441,
				2.1,
				1.441,
				1,
				2.233,
				1.441,
				2.367,
				-2.243,
				2.5,
				-2.243,
				1,
				2.644,
				-2.243,
				2.789,
				2.273,
				2.933,
				2.273,
				1,
				3.022,
				2.273,
				3.111,
				-0.514,
				3.2,
				-0.514
			]
		},
		{
			"Target": "Parameter",
			"Id": "Param_Angle_Rotation_6_l_m_h",
			"Segments": [
				0,
				0.463,
				1,
				0.022,
				0.463,
				0.044,
				0.534,
				0.067,
				0.534,
				1,
				0.333,
				0.534,
				0.6,
				-0.44,
				0.867,
				-0.44,
				1,
				1.044,
				-0.44,
				1.222,
				1.357,
				1.4,
				1.357,
				1,
				1.544,
				1.357,
				1.689,
				-1.511,
				1.833,
				-1.511,
				1,
				1.967,
				-1.511,
				2.1,
				2.327,
				2.233,
				2.327,
				1,
				2.367,
				2.327,
				2.5,
				-3.552,
				2.633,
				-3.552,
				1,
				2.778,
				-3.552,
				2.922,
				3.966,
				3.067,
				3.966,
				1,
				3.111,
				3.966,
				3.156,
				2.332,
				3.2,
				2.332
			]
		},
		{
			"Target": "Parameter",
			"Id": "Param_Angle_Rotation_7_l_m_h",
			"Segments": [
				0,
				0.047,
				1,
				0.067,
				0.047,
				0.133,
				0.925,
				0.2,
				0.925,
				1,
				0.378,
				0.925,
				0.556,
				-0.861,
				0.733,
				-0.861,
				1,
				0.989,
				-0.861,
				1.244,
				1.895,
				1.5,
				1.895,
				1,
				1.656,
				1.895,
				1.811,
				-1.696,
				1.967,
				-1.696,
				1,
				2.089,
				-1.696,
				2.211,
				2.973,
				2.333,
				2.973,
				1,
				2.467,
				2.973,
				2.6,
				-4.354,
				2.733,
				-4.354,
				1,
				2.878,
				-4.354,
				3.022,
				4.705,
				3.167,
				4.705,
				1,
				3.178,
				4.705,
				3.189,
				4.697,
				3.2,
				4.697
			]
		},
		{
			"Target": "Parameter",
			"Id": "Param_Angle_Rotation_8_l_m_h",
			"Segments": [
				0,
				-0.78,
				1,
				0.089,
				-0.78,
				0.178,
				1.397,
				0.267,
				1.397,
				1,
				0.422,
				1.397,
				0.578,
				-0.986,
				0.733,
				-0.986,
				1,
				1.011,
				-0.986,
				1.289,
				1.893,
				1.567,
				1.893,
				1,
				1.722,
				1.893,
				1.878,
				-2.201,
				2.033,
				-2.201,
				1,
				2.167,
				-2.201,
				2.3,
				3.632,
				2.433,
				3.632,
				1,
				2.544,
				3.632,
				2.656,
				-4.832,
				2.767,
				-4.832,
				1,
				2.911,
				-4.832,
				3.056,
				4.359,
				3.2,
				4.359
			]
		},
		{
			"Target": "Parameter",
			"Id": "Param_Angle_Rotation_9_l_m_h",
			"Segments": [
				0,
				-2.342,
				1,
				0.122,
				-2.342,
				0.244,
				1.975,
				0.367,
				1.975,
				1,
				0.522,
				1.975,
				0.678,
				-1.55,
				0.833,
				-1.55,
				1,
				1.111,
				-1.55,
				1.389,
				2.304,
				1.667,
				2.304,
				1,
				1.822,
				2.304,
				1.978,
				-2.614,
				2.133,
				-2.614,
				1,
				2.256,
				-2.614,
				2.378,
				4.051,
				2.5,
				4.051,
				1,
				2.611,
				4.051,
				2.722,
				-4.972,
				2.833,
				-4.972,
				1,
				2.956,
				-4.972,
				3.078,
				1.725,
				3.2,
				1.725
			]
		},
		{
			"Target": "Parameter",
			"Id": "Param_Angle_Rotation_1_r_r_h",
			"Segments": [
				0,
				-0.104,
				1,
				0.033,
				-0.104,
				0.067,
				-0.105,
				0.1,
				-0.105,
				1,
				0.311,
				-0.105,
				0.522,
				0.196,
				0.733,
				0.196,
				1,
				0.911,
				0.196,
				1.089,
				-0.002,
				1.267,
				-0.002,
				1,
				1.322,
				-0.002,
				1.378,
				0.025,
				1.433,
				0.025,
				1,
				1.578,
				0.025,
				1.722,
				-0.548,
				1.867,
				-0.548,
				1,
				2.044,
				-0.548,
				2.222,
				-0.192,
				2.4,
				-0.192,
				1,
				2.478,
				-0.192,
				2.556,
				-0.243,
				2.633,
				-0.243,
				1,
				2.811,
				-0.243,
				2.989,
				-0.01,
				3.167,
				-0.01,
				1,
				3.178,
				-0.01,
				3.189,
				-0.013,
				3.2,
				-0.013
			]
		},
		{
			"Target": "Parameter",
			"Id": "Param_Angle_Rotation_2_r_r_h",
			"Segments": [
				0,
				-0.104,
				1,
				0.033,
				-0.104,
				0.067,
				-0.105,
				0.1,
				-0.105,
				1,
				0.311,
				-0.105,
				0.522,
				0.196,
				0.733,
				0.196,
				1,
				0.911,
				0.196,
				1.089,
				-0.002,
				1.267,
				-0.002,
				1,
				1.322,
				-0.002,
				1.378,
				0.025,
				1.433,
				0.025,
				1,
				1.578,
				0.025,
				1.722,
				-0.548,
				1.867,
				-0.548,
				1,
				2.044,
				-0.548,
				2.222,
				-0.192,
				2.4,
				-0.192,
				1,
				2.478,
				-0.192,
				2.556,
				-0.243,
				2.633,
				-0.243,
				1,
				2.811,
				-0.243,
				2.989,
				-0.01,
				3.167,
				-0.01,
				1,
				3.178,
				-0.01,
				3.189,
				-0.013,
				3.2,
				-0.013
			]
		},
		{
			"Target": "Parameter",
			"Id": "Param_Angle_Rotation_3_r_r_h",
			"Segments": [
				0,
				-0.208,
				1,
				0.033,
				-0.208,
				0.067,
				-0.209,
				0.1,
				-0.209,
				1,
				0.311,
				-0.209,
				0.522,
				0.393,
				0.733,
				0.393,
				1,
				0.911,
				0.393,
				1.089,
				-0.003,
				1.267,
				-0.003,
				1,
				1.322,
				-0.003,
				1.378,
				0.049,
				1.433,
				0.049,
				1,
				1.578,
				0.049,
				1.722,
				-1.095,
				1.867,
				-1.095,
				1,
				2.044,
				-1.095,
				2.222,
				-0.383,
				2.4,
				-0.383,
				1,
				2.478,
				-0.383,
				2.556,
				-0.487,
				2.633,
				-0.487,
				1,
				2.811,
				-0.487,
				2.989,
				-0.019,
				3.167,
				-0.019,
				1,
				3.178,
				-0.019,
				3.189,
				-0.026,
				3.2,
				-0.026
			]
		},
		{
			"Target": "Parameter",
			"Id": "Param_Angle_Rotation_4_r_r_h",
			"Segments": [
				0,
				0.008,
				1,
				0.167,
				0.008,
				0.333,
				-0.361,
				0.5,
				-0.361,
				1,
				0.656,
				-0.361,
				0.811,
				0.405,
				0.967,
				0.405,
				1,
				1.111,
				0.405,
				1.256,
				-0.311,
				1.4,
				-0.311,
				1,
				1.511,
				-0.311,
				1.622,
				0.891,
				1.733,
				0.891,
				1,
				1.878,
				0.891,
				2.022,
				-0.921,
				2.167,
				-0.921,
				1,
				2.311,
				-0.921,
				2.456,
				0.63,
				2.6,
				0.63,
				1,
				2.733,
				0.63,
				2.867,
				-0.588,
				3,
				-0.588,
				1,
				3.067,
				-0.588,
				3.133,
				-0.09,
				3.2,
				-0.09
			]
		},
		{
			"Target": "Parameter",
			"Id": "Param_Angle_Rotation_5_r_r_h",
			"Segments": [
				0,
				0.052,
				1,
				0.222,
				0.052,
				0.444,
				-0.475,
				0.667,
				-0.475,
				1,
				0.833,
				-0.475,
				1,
				0.759,
				1.167,
				0.759,
				1,
				1.3,
				0.759,
				1.433,
				-0.627,
				1.567,
				-0.627,
				1,
				1.689,
				-0.627,
				1.811,
				1.261,
				1.933,
				1.261,
				1,
				2.078,
				1.261,
				2.222,
				-1.709,
				2.367,
				-1.709,
				1,
				2.511,
				-1.709,
				2.656,
				1.468,
				2.8,
				1.468,
				1,
				2.933,
				1.468,
				3.067,
				-1.29,
				3.2,
				-1.29
			]
		},
		{
			"Target": "Parameter",
			"Id": "Param_Angle_Rotation_6_r_r_h",
			"Segments": [
				0,
				0.222,
				1,
				0.256,
				0.222,
				0.511,
				-0.529,
				0.767,
				-0.529,
				1,
				0.933,
				-0.529,
				1.1,
				1.175,
				1.267,
				1.175,
				1,
				1.411,
				1.175,
				1.556,
				-1.063,
				1.7,
				-1.063,
				1,
				1.833,
				-1.063,
				1.967,
				1.801,
				2.1,
				1.801,
				1,
				2.233,
				1.801,
				2.367,
				-2.804,
				2.5,
				-2.804,
				1,
				2.644,
				-2.804,
				2.789,
				2.842,
				2.933,
				2.842,
				1,
				3.022,
				2.842,
				3.111,
				-0.643,
				3.2,
				-0.643
			]
		},
		{
			"Target": "Parameter",
			"Id": "Param_Angle_Rotation_7_r_r_h",
			"Segments": [
				0,
				0.463,
				1,
				0.022,
				0.463,
				0.044,
				0.534,
				0.067,
				0.534,
				1,
				0.333,
				0.534,
				0.6,
				-0.44,
				0.867,
				-0.44,
				1,
				1.044,
				-0.44,
				1.222,
				1.357,
				1.4,
				1.357,
				1,
				1.544,
				1.357,
				1.689,
				-1.511,
				1.833,
				-1.511,
				1,
				1.967,
				-1.511,
				2.1,
				2.327,
				2.233,
				2.327,
				1,
				2.367,
				2.327,
				2.5,
				-3.552,
				2.633,
				-3.552,
				1,
				2.778,
				-3.552,
				2.922,
				3.966,
				3.067,
				3.966,
				1,
				3.111,
				3.966,
				3.156,
				2.332,
				3.2,
				2.332
			]
		},
		{
			"Target": "Parameter",
			"Id": "Param_Angle_Rotation_8_r_r_h",
			"Segments": [
				0,
				0.047,
				1,
				0.067,
				0.047,
				0.133,
				0.925,
				0.2,
				0.925,
				1,
				0.378,
				0.925,
				0.556,
				-0.861,
				0.733,
				-0.861,
				1,
				0.989,
				-0.861,
				1.244,
				1.895,
				1.5,
				1.895,
				1,
				1.656,
				1.895,
				1.811,
				-1.696,
				1.967,
				-1.696,
				1,
				2.089,
				-1.696,
				2.211,
				2.973,
				2.333,
				2.973,
				1,
				2.467,
				2.973,
				2.6,
				-4.354,
				2.733,
				-4.354,
				1,
				2.878,
				-4.354,
				3.022,
				4.705,
				3.167,
				4.705,
				1,
				3.178,
				4.705,
				3.189,
				4.697,
				3.2,
				4.697
			]
		},
		{
			"Target": "Parameter",
			"Id": "Param_Angle_Rotation_9_r_r_h",
			"Segments": [
				0,
				-0.78,
				1,
				0.089,
				-0.78,
				0.178,
				1.397,
				0.267,
				1.397,
				1,
				0.422,
				1.397,
				0.578,
				-0.986,
				0.733,
				-0.986,
				1,
				1.011,
				-0.986,
				1.289,
				1.893,
				1.567,
				1.893,
				1,
				1.722,
				1.893,
				1.878,
				-2.201,
				2.033,
				-2.201,
				1,
				2.167,
				-2.201,
				2.3,
				3.632,
				2.433,
				3.632,
				1,
				2.544,
				3.632,
				2.656,
				-4.832,
				2.767,
				-4.832,
				1,
				2.911,
				-4.832,
				3.056,
				4.359,
				3.2,
				4.359
			]
		},
		{
			"Target": "Parameter",
			"Id": "Param_Angle_Rotation_10_r_r_h",
			"Segments": [
				0,
				-2.342,
				1,
				0.122,
				-2.342,
				0.244,
				1.975,
				0.367,
				1.975,
				1,
				0.522,
				1.975,
				0.678,
				-1.55,
				0.833,
				-1.55,
				1,
				1.111,
				-1.55,
				1.389,
				2.304,
				1.667,
				2.304,
				1,
				1.822,
				2.304,
				1.978,
				-2.614,
				2.133,
				-2.614,
				1,
				2.256,
				-2.614,
				2.378,
				4.051,
				2.5,
				4.051,
				1,
				2.611,
				4.051,
				2.722,
				-4.972,
				2.833,
				-4.972,
				1,
				2.956,
				-4.972,
				3.078,
				1.725,
				3.2,
				1.725
			]
		},
		{
			"Target": "Parameter",
			"Id": "Param_Angle_Rotation_11_r_r_h",
			"Segments": [
				0,
				-3.116,
				1,
				0.156,
				-3.116,
				0.311,
				2.432,
				0.467,
				2.432,
				1,
				0.611,
				2.432,
				0.756,
				-1.846,
				0.9,
				-1.846,
				1,
				1.178,
				-1.846,
				1.456,
				2.358,
				1.733,
				2.358,
				1,
				1.889,
				2.358,
				2.044,
				-2.902,
				2.2,
				-2.902,
				1,
				2.311,
				-2.902,
				2.422,
				4.153,
				2.533,
				4.153,
				1,
				2.644,
				4.153,
				2.756,
				-4.502,
				2.867,
				-4.502,
				1,
				2.978,
				-4.502,
				3.089,
				0.122,
				3.2,
				0.122
			]
		},
		{
			"Target": "Parameter",
			"Id": "Param_Angle_Rotation_1_l_l_h",
			"Segments": [
				0,
				-0.104,
				1,
				0.033,
				-0.104,
				0.067,
				-0.105,
				0.1,
				-0.105,
				1,
				0.311,
				-0.105,
				0.522,
				0.196,
				0.733,
				0.196,
				1,
				0.911,
				0.196,
				1.089,
				-0.002,
				1.267,
				-0.002,
				1,
				1.322,
				-0.002,
				1.378,
				0.025,
				1.433,
				0.025,
				1,
				1.578,
				0.025,
				1.722,
				-0.548,
				1.867,
				-0.548,
				1,
				2.044,
				-0.548,
				2.222,
				-0.192,
				2.4,
				-0.192,
				1,
				2.478,
				-0.192,
				2.556,
				-0.243,
				2.633,
				-0.243,
				1,
				2.811,
				-0.243,
				2.989,
				-0.01,
				3.167,
				-0.01,
				1,
				3.178,
				-0.01,
				3.189,
				-0.013,
				3.2,
				-0.013
			]
		},
		{
			"Target": "Parameter",
			"Id": "Param_Angle_Rotation_2_l_l_h",
			"Segments": [
				0,
				-0.104,
				1,
				0.033,
				-0.104,
				0.067,
				-0.105,
				0.1,
				-0.105,
				1,
				0.311,
				-0.105,
				0.522,
				0.196,
				0.733,
				0.196,
				1,
				0.911,
				0.196,
				1.089,
				-0.002,
				1.267,
				-0.002,
				1,
				1.322,
				-0.002,
				1.378,
				0.025,
				1.433,
				0.025,
				1,
				1.578,
				0.025,
				1.722,
				-0.548,
				1.867,
				-0.548,
				1,
				2.044,
				-0.548,
				2.222,
				-0.192,
				2.4,
				-0.192,
				1,
				2.478,
				-0.192,
				2.556,
				-0.243,
				2.633,
				-0.243,
				1,
				2.811,
				-0.243,
				2.989,
				-0.01,
				3.167,
				-0.01,
				1,
				3.178,
				-0.01,
				3.189,
				-0.013,
				3.2,
				-0.013
			]
		},
		{
			"Target": "Parameter",
			"Id": "Param_Angle_Rotation_3_l_l_h",
			"Segments": [
				0,
				0.003,
				1,
				0.167,
				0.003,
				0.333,
				-0.12,
				0.5,
				-0.12,
				1,
				0.656,
				-0.12,
				0.811,
				0.135,
				0.967,
				0.135,
				1,
				1.111,
				0.135,
				1.256,
				-0.104,
				1.4,
				-0.104,
				1,
				1.511,
				-0.104,
				1.622,
				0.297,
				1.733,
				0.297,
				1,
				1.878,
				0.297,
				2.022,
				-0.307,
				2.167,
				-0.307,
				1,
				2.311,
				-0.307,
				2.456,
				0.21,
				2.6,
				0.21,
				1,
				2.733,
				0.21,
				2.867,
				-0.196,
				3,
				-0.196,
				1,
				3.067,
				-0.196,
				3.133,
				-0.03,
				3.2,
				-0.03
			]
		},
		{
			"Target": "Parameter",
			"Id": "Param_Angle_Rotation_4_l_l_h",
			"Segments": [
				0,
				0.039,
				1,
				0.222,
				0.039,
				0.444,
				-0.356,
				0.667,
				-0.356,
				1,
				0.833,
				-0.356,
				1,
				0.57,
				1.167,
				0.57,
				1,
				1.3,
				0.57,
				1.433,
				-0.47,
				1.567,
				-0.47,
				1,
				1.689,
				-0.47,
				1.811,
				0.946,
				1.933,
				0.946,
				1,
				2.078,
				0.946,
				2.222,
				-1.282,
				2.367,
				-1.282,
				1,
				2.511,
				-1.282,
				2.656,
				1.101,
				2.8,
				1.101,
				1,
				2.933,
				1.101,
				3.067,
				-0.967,
				3.2,
				-0.967
			]
		},
		{
			"Target": "Parameter",
			"Id": "Param_Angle_Rotation_5_l_l_h",
			"Segments": [
				0,
				0.178,
				1,
				0.256,
				0.178,
				0.511,
				-0.423,
				0.767,
				-0.423,
				1,
				0.933,
				-0.423,
				1.1,
				0.94,
				1.267,
				0.94,
				1,
				1.411,
				0.94,
				1.556,
				-0.85,
				1.7,
				-0.85,
				1,
				1.833,
				-0.85,
				1.967,
				1.441,
				2.1,
				1.441,
				1,
				2.233,
				1.441,
				2.367,
				-2.243,
				2.5,
				-2.243,
				1,
				2.644,
				-2.243,
				2.789,
				2.273,
				2.933,
				2.273,
				1,
				3.022,
				2.273,
				3.111,
				-0.514,
				3.2,
				-0.514
			]
		},
		{
			"Target": "Parameter",
			"Id": "Param_Angle_Rotation_6_l_l_h",
			"Segments": [
				0,
				0.463,
				1,
				0.022,
				0.463,
				0.044,
				0.534,
				0.067,
				0.534,
				1,
				0.333,
				0.534,
				0.6,
				-0.44,
				0.867,
				-0.44,
				1,
				1.044,
				-0.44,
				1.222,
				1.357,
				1.4,
				1.357,
				1,
				1.544,
				1.357,
				1.689,
				-1.511,
				1.833,
				-1.511,
				1,
				1.967,
				-1.511,
				2.1,
				2.327,
				2.233,
				2.327,
				1,
				2.367,
				2.327,
				2.5,
				-3.552,
				2.633,
				-3.552,
				1,
				2.778,
				-3.552,
				2.922,
				3.966,
				3.067,
				3.966,
				1,
				3.111,
				3.966,
				3.156,
				2.332,
				3.2,
				2.332
			]
		},
		{
			"Target": "Parameter",
			"Id": "Param_Angle_Rotation_7_l_l_h",
			"Segments": [
				0,
				0.047,
				1,
				0.067,
				0.047,
				0.133,
				0.925,
				0.2,
				0.925,
				1,
				0.378,
				0.925,
				0.556,
				-0.861,
				0.733,
				-0.861,
				1,
				0.989,
				-0.861,
				1.244,
				1.895,
				1.5,
				1.895,
				1,
				1.656,
				1.895,
				1.811,
				-1.696,
				1.967,
				-1.696,
				1,
				2.089,
				-1.696,
				2.211,
				2.973,
				2.333,
				2.973,
				1,
				2.467,
				2.973,
				2.6,
				-4.354,
				2.733,
				-4.354,
				1,
				2.878,
				-4.354,
				3.022,
				4.705,
				3.167,
				4.705,
				1,
				3.178,
				4.705,
				3.189,
				4.697,
				3.2,
				4.697
			]
		},
		{
			"Target": "Parameter",
			"Id": "Param_Angle_Rotation_8_l_l_h",
			"Segments": [
				0,
				-0.65,
				1,
				0.089,
				-0.65,
				0.178,
				1.164,
				0.267,
				1.164,
				1,
				0.422,
				1.164,
				0.578,
				-0.822,
				0.733,
				-0.822,
				1,
				1.011,
				-0.822,
				1.289,
				1.578,
				1.567,
				1.578,
				1,
				1.722,
				1.578,
				1.878,
				-1.834,
				2.033,
				-1.834,
				1,
				2.167,
				-1.834,
				2.3,
				3.027,
				2.433,
				3.027,
				1,
				2.544,
				3.027,
				2.656,
				-4.027,
				2.767,
				-4.027,
				1,
				2.911,
				-4.027,
				3.056,
				3.632,
				3.2,
				3.632
			]
		},
		{
			"Target": "Parameter",
			"Id": "Param_Angle_Rotation_9_l_l_h",
			"Segments": [
				0,
				-1.951,
				1,
				0.122,
				-1.951,
				0.244,
				1.646,
				0.367,
				1.646,
				1,
				0.522,
				1.646,
				0.678,
				-1.291,
				0.833,
				-1.291,
				1,
				1.111,
				-1.291,
				1.389,
				1.92,
				1.667,
				1.92,
				1,
				1.822,
				1.92,
				1.978,
				-2.178,
				2.133,
				-2.178,
				1,
				2.256,
				-2.178,
				2.378,
				3.376,
				2.5,
				3.376,
				1,
				2.611,
				3.376,
				2.722,
				-4.144,
				2.833,
				-4.144,
				1,
				2.956,
				-4.144,
				3.078,
				1.438,
				3.2,
				1.438
			]
		},
		{
			"Target": "Parameter",
			"Id": "Param_Angle_Rotation_10_l_l_h",
			"Segments": [
				0,
				-3.116,
				1,
				0.156,
				-3.116,
				0.311,
				2.432,
				0.467,
				2.432,
				1,
				0.611,
				2.432,
				0.756,
				-1.846,
				0.9,
				-1.846,
				1,
				1.178,
				-1.846,
				1.456,
				2.358,
				1.733,
				2.358,
				1,
				1.889,
				2.358,
				2.044,
				-2.902,
				2.2,
				-2.902,
				1,
				2.311,
				-2.902,
				2.422,
				4.153,
				2.533,
				4.153,
				1,
				2.644,
				4.153,
				2.756,
				-4.502,
				2.867,
				-4.502,
				1,
				2.978,
				-4.502,
				3.089,
				0.122,
				3.2,
				0.122
			]
		},
		{
			"Target": "Parameter",
			"Id": "Param_Angle_Rotation_11_l_l_h",
			"Segments": [
				0,
				-3.116,
				1,
				0.156,
				-3.116,
				0.311,
				2.432,
				0.467,
				2.432,
				1,
				0.611,
				2.432,
				0.756,
				-1.846,
				0.9,
				-1.846,
				1,
				1.178,
				-1.846,
				1.456,
				2.358,
				1.733,
				2.358,
				1,
				1.889,
				2.358,
				2.044,
				-2.902,
				2.2,
				-2.902,
				1,
				2.311,
				-2.902,
				2.422,
				4.153,
				2.533,
				4.153,
				1,
				2.644,
				4.153,
				2.756,
				-4.502,
				2.867,
				-4.502,
				1,
				2.978,
				-4.502,
				3.089,
				0.122,
				3.2,
				0.122
			]
		},
		{
			"Target": "Parameter",
			"Id": "Param_Angle_Rotation_1_rr_h",
			"Segments": [
				0,
				-0.104,
				1,
				0.033,
				-0.104,
				0.067,
				-0.105,
				0.1,
				-0.105,
				1,
				0.311,
				-0.105,
				0.522,
				0.196,
				0.733,
				0.196,
				1,
				0.911,
				0.196,
				1.089,
				-0.002,
				1.267,
				-0.002,
				1,
				1.322,
				-0.002,
				1.378,
				0.025,
				1.433,
				0.025,
				1,
				1.578,
				0.025,
				1.722,
				-0.548,
				1.867,
				-0.548,
				1,
				2.044,
				-0.548,
				2.222,
				-0.192,
				2.4,
				-0.192,
				1,
				2.478,
				-0.192,
				2.556,
				-0.243,
				2.633,
				-0.243,
				1,
				2.811,
				-0.243,
				2.989,
				-0.01,
				3.167,
				-0.01,
				1,
				3.178,
				-0.01,
				3.189,
				-0.013,
				3.2,
				-0.013
			]
		},
		{
			"Target": "Parameter",
			"Id": "Param_Angle_Rotation_2_rr_h",
			"Segments": [
				0,
				-0.104,
				1,
				0.033,
				-0.104,
				0.067,
				-0.105,
				0.1,
				-0.105,
				1,
				0.311,
				-0.105,
				0.522,
				0.196,
				0.733,
				0.196,
				1,
				0.911,
				0.196,
				1.089,
				-0.002,
				1.267,
				-0.002,
				1,
				1.322,
				-0.002,
				1.378,
				0.025,
				1.433,
				0.025,
				1,
				1.578,
				0.025,
				1.722,
				-0.548,
				1.867,
				-0.548,
				1,
				2.044,
				-0.548,
				2.222,
				-0.192,
				2.4,
				-0.192,
				1,
				2.478,
				-0.192,
				2.556,
				-0.243,
				2.633,
				-0.243,
				1,
				2.811,
				-0.243,
				2.989,
				-0.01,
				3.167,
				-0.01,
				1,
				3.178,
				-0.01,
				3.189,
				-0.013,
				3.2,
				-0.013
			]
		},
		{
			"Target": "Parameter",
			"Id": "Param_Angle_Rotation_3_rr_h",
			"Segments": [
				0,
				0.003,
				1,
				0.167,
				0.003,
				0.333,
				-0.12,
				0.5,
				-0.12,
				1,
				0.656,
				-0.12,
				0.811,
				0.135,
				0.967,
				0.135,
				1,
				1.111,
				0.135,
				1.256,
				-0.104,
				1.4,
				-0.104,
				1,
				1.511,
				-0.104,
				1.622,
				0.297,
				1.733,
				0.297,
				1,
				1.878,
				0.297,
				2.022,
				-0.307,
				2.167,
				-0.307,
				1,
				2.311,
				-0.307,
				2.456,
				0.21,
				2.6,
				0.21,
				1,
				2.733,
				0.21,
				2.867,
				-0.196,
				3,
				-0.196,
				1,
				3.067,
				-0.196,
				3.133,
				-0.03,
				3.2,
				-0.03
			]
		},
		{
			"Target": "Parameter",
			"Id": "Param_Angle_Rotation_4_rr_h",
			"Segments": [
				0,
				0.013,
				1,
				0.222,
				0.013,
				0.444,
				-0.119,
				0.667,
				-0.119,
				1,
				0.833,
				-0.119,
				1,
				0.19,
				1.167,
				0.19,
				1,
				1.3,
				0.19,
				1.433,
				-0.157,
				1.567,
				-0.157,
				1,
				1.689,
				-0.157,
				1.811,
				0.315,
				1.933,
				0.315,
				1,
				2.078,
				0.315,
				2.222,
				-0.427,
				2.367,
				-0.427,
				1,
				2.511,
				-0.427,
				2.656,
				0.367,
				2.8,
				0.367,
				1,
				2.933,
				0.367,
				3.067,
				-0.322,
				3.2,
				-0.322
			]
		},
		{
			"Target": "Parameter",
			"Id": "Param_Angle_Rotation_5_rr_h",
			"Segments": [
				0,
				0.044,
				1,
				0.256,
				0.044,
				0.511,
				-0.106,
				0.767,
				-0.106,
				1,
				0.933,
				-0.106,
				1.1,
				0.235,
				1.267,
				0.235,
				1,
				1.411,
				0.235,
				1.556,
				-0.213,
				1.7,
				-0.213,
				1,
				1.833,
				-0.213,
				1.967,
				0.36,
				2.1,
				0.36,
				1,
				2.233,
				0.36,
				2.367,
				-0.561,
				2.5,
				-0.561,
				1,
				2.644,
				-0.561,
				2.789,
				0.568,
				2.933,
				0.568,
				1,
				3.022,
				0.568,
				3.111,
				-0.129,
				3.2,
				-0.129
			]
		},
		{
			"Target": "Parameter",
			"Id": "Param_Angle_Rotation_6_rr_h",
			"Segments": [
				0,
				0.463,
				1,
				0.022,
				0.463,
				0.044,
				0.534,
				0.067,
				0.534,
				1,
				0.333,
				0.534,
				0.6,
				-0.44,
				0.867,
				-0.44,
				1,
				1.044,
				-0.44,
				1.222,
				1.357,
				1.4,
				1.357,
				1,
				1.544,
				1.357,
				1.689,
				-1.511,
				1.833,
				-1.511,
				1,
				1.967,
				-1.511,
				2.1,
				2.327,
				2.233,
				2.327,
				1,
				2.367,
				2.327,
				2.5,
				-3.552,
				2.633,
				-3.552,
				1,
				2.778,
				-3.552,
				2.922,
				3.966,
				3.067,
				3.966,
				1,
				3.111,
				3.966,
				3.156,
				2.332,
				3.2,
				2.332
			]
		},
		{
			"Target": "Parameter",
			"Id": "Param_Angle_Rotation_7_rr_h",
			"Segments": [
				0,
				0.057,
				1,
				0.067,
				0.057,
				0.133,
				1.11,
				0.2,
				1.11,
				1,
				0.378,
				1.11,
				0.556,
				-1.033,
				0.733,
				-1.033,
				1,
				0.989,
				-1.033,
				1.244,
				2.273,
				1.5,
				2.273,
				1,
				1.656,
				2.273,
				1.811,
				-2.035,
				1.967,
				-2.035,
				1,
				2.089,
				-2.035,
				2.211,
				3.567,
				2.333,
				3.567,
				1,
				2.467,
				3.567,
				2.6,
				-5.224,
				2.733,
				-5.224,
				1,
				2.878,
				-5.224,
				3.022,
				5.646,
				3.167,
				5.646,
				1,
				3.178,
				5.646,
				3.189,
				5.637,
				3.2,
				5.637
			]
		},
		{
			"Target": "Parameter",
			"Id": "Param_Angle_Rotation_8_rr_h",
			"Segments": [
				0,
				-0.78,
				1,
				0.089,
				-0.78,
				0.178,
				1.397,
				0.267,
				1.397,
				1,
				0.422,
				1.397,
				0.578,
				-0.986,
				0.733,
				-0.986,
				1,
				1.011,
				-0.986,
				1.289,
				1.893,
				1.567,
				1.893,
				1,
				1.722,
				1.893,
				1.878,
				-2.201,
				2.033,
				-2.201,
				1,
				2.167,
				-2.201,
				2.3,
				3.632,
				2.433,
				3.632,
				1,
				2.544,
				3.632,
				2.656,
				-4.832,
				2.767,
				-4.832,
				1,
				2.911,
				-4.832,
				3.056,
				4.359,
				3.2,
				4.359
			]
		},
		{
			"Target": "Parameter",
			"Id": "Param_Angle_Rotation_9_rr_h",
			"Segments": [
				0,
				-2.342,
				1,
				0.122,
				-2.342,
				0.244,
				1.975,
				0.367,
				1.975,
				1,
				0.522,
				1.975,
				0.678,
				-1.55,
				0.833,
				-1.55,
				1,
				1.111,
				-1.55,
				1.389,
				2.304,
				1.667,
				2.304,
				1,
				1.822,
				2.304,
				1.978,
				-2.614,
				2.133,
				-2.614,
				1,
				2.256,
				-2.614,
				2.378,
				4.051,
				2.5,
				4.051,
				1,
				2.611,
				4.051,
				2.722,
				-4.972,
				2.833,
				-4.972,
				1,
				2.956,
				-4.972,
				3.078,
				1.725,
				3.2,
				1.725
			]
		},
		{
			"Target": "Parameter",
			"Id": "Param_Angle_Rotation_10_rr_h",
			"Segments": [
				0,
				-3.116,
				1,
				0.156,
				-3.116,
				0.311,
				2.432,
				0.467,
				2.432,
				1,
				0.611,
				2.432,
				0.756,
				-1.846,
				0.9,
				-1.846,
				1,
				1.178,
				-1.846,
				1.456,
				2.358,
				1.733,
				2.358,
				1,
				1.889,
				2.358,
				2.044,
				-2.902,
				2.2,
				-2.902,
				1,
				2.311,
				-2.902,
				2.422,
				4.153,
				2.533,
				4.153,
				1,
				2.644,
				4.153,
				2.756,
				-4.502,
				2.867,
				-4.502,
				1,
				2.978,
				-4.502,
				3.089,
				0.122,
				3.2,
				0.122
			]
		},
		{
			"Target": "Parameter",
			"Id": "Param_Angle_Rotation_11_rr_h",
			"Segments": [
				0,
				-3.116,
				1,
				0.156,
				-3.116,
				0.311,
				2.432,
				0.467,
				2.432,
				1,
				0.611,
				2.432,
				0.756,
				-1.846,
				0.9,
				-1.846,
				1,
				1.178,
				-1.846,
				1.456,
				2.358,
				1.733,
				2.358,
				1,
				1.889,
				2.358,
				2.044,
				-2.902,
				2.2,
				-2.902,
				1,
				2.311,
				-2.902,
				2.422,
				4.153,
				2.533,
				4.153,
				1,
				2.644,
				4.153,
				2.756,
				-4.502,
				2.867,
				-4.502,
				1,
				2.978,
				-4.502,
				3.089,
				0.122,
				3.2,
				0.122
			]
		},
		{
			"Target": "Parameter",
			"Id": "Param_Angle_Rotation_1_shadow_m",
			"Segments": [
				0,
				-0.104,
				1,
				0.033,
				-0.104,
				0.067,
				-0.105,
				0.1,
				-0.105,
				1,
				0.311,
				-0.105,
				0.522,
				0.196,
				0.733,
				0.196,
				1,
				0.911,
				0.196,
				1.089,
				-0.002,
				1.267,
				-0.002,
				1,
				1.322,
				-0.002,
				1.378,
				0.025,
				1.433,
				0.025,
				1,
				1.578,
				0.025,
				1.722,
				-0.548,
				1.867,
				-0.548,
				1,
				2.044,
				-0.548,
				2.222,
				-0.192,
				2.4,
				-0.192,
				1,
				2.478,
				-0.192,
				2.556,
				-0.243,
				2.633,
				-0.243,
				1,
				2.811,
				-0.243,
				2.989,
				-0.01,
				3.167,
				-0.01,
				1,
				3.178,
				-0.01,
				3.189,
				-0.013,
				3.2,
				-0.013
			]
		},
		{
			"Target": "Parameter",
			"Id": "Param_Angle_Rotation_2_shadow_m",
			"Segments": [
				0,
				-0.104,
				1,
				0.033,
				-0.104,
				0.067,
				-0.105,
				0.1,
				-0.105,
				1,
				0.311,
				-0.105,
				0.522,
				0.196,
				0.733,
				0.196,
				1,
				0.911,
				0.196,
				1.089,
				-0.002,
				1.267,
				-0.002,
				1,
				1.322,
				-0.002,
				1.378,
				0.025,
				1.433,
				0.025,
				1,
				1.578,
				0.025,
				1.722,
				-0.548,
				1.867,
				-0.548,
				1,
				2.044,
				-0.548,
				2.222,
				-0.192,
				2.4,
				-0.192,
				1,
				2.478,
				-0.192,
				2.556,
				-0.243,
				2.633,
				-0.243,
				1,
				2.811,
				-0.243,
				2.989,
				-0.01,
				3.167,
				-0.01,
				1,
				3.178,
				-0.01,
				3.189,
				-0.013,
				3.2,
				-0.013
			]
		},
		{
			"Target": "Parameter",
			"Id": "Param_Angle_Rotation_3_shadow_m",
			"Segments": [
				0,
				0.003,
				1,
				0.167,
				0.003,
				0.333,
				-0.12,
				0.5,
				-0.12,
				1,
				0.656,
				-0.12,
				0.811,
				0.135,
				0.967,
				0.135,
				1,
				1.111,
				0.135,
				1.256,
				-0.104,
				1.4,
				-0.104,
				1,
				1.511,
				-0.104,
				1.622,
				0.297,
				1.733,
				0.297,
				1,
				1.878,
				0.297,
				2.022,
				-0.307,
				2.167,
				-0.307,
				1,
				2.311,
				-0.307,
				2.456,
				0.21,
				2.6,
				0.21,
				1,
				2.733,
				0.21,
				2.867,
				-0.196,
				3,
				-0.196,
				1,
				3.067,
				-0.196,
				3.133,
				-0.03,
				3.2,
				-0.03
			]
		},
		{
			"Target": "Parameter",
			"Id": "Param_Angle_Rotation_4_shadow_m",
			"Segments": [
				0,
				0.052,
				1,
				0.222,
				0.052,
				0.444,
				-0.475,
				0.667,
				-0.475,
				1,
				0.833,
				-0.475,
				1,
				0.759,
				1.167,
				0.759,
				1,
				1.3,
				0.759,
				1.433,
				-0.627,
				1.567,
				-0.627,
				1,
				1.689,
				-0.627,
				1.811,
				1.261,
				1.933,
				1.261,
				1,
				2.078,
				1.261,
				2.222,
				-1.709,
				2.367,
				-1.709,
				1,
				2.511,
				-1.709,
				2.656,
				1.468,
				2.8,
				1.468,
				1,
				2.933,
				1.468,
				3.067,
				-1.29,
				3.2,
				-1.29
			]
		},
		{
			"Target": "Parameter",
			"Id": "Param_Angle_Rotation_5_shadow_m",
			"Segments": [
				0,
				0.222,
				1,
				0.256,
				0.222,
				0.511,
				-0.529,
				0.767,
				-0.529,
				1,
				0.933,
				-0.529,
				1.1,
				1.175,
				1.267,
				1.175,
				1,
				1.411,
				1.175,
				1.556,
				-1.063,
				1.7,
				-1.063,
				1,
				1.833,
				-1.063,
				1.967,
				1.801,
				2.1,
				1.801,
				1,
				2.233,
				1.801,
				2.367,
				-2.804,
				2.5,
				-2.804,
				1,
				2.644,
				-2.804,
				2.789,
				2.842,
				2.933,
				2.842,
				1,
				3.022,
				2.842,
				3.111,
				-0.643,
				3.2,
				-0.643
			]
		},
		{
			"Target": "Parameter",
			"Id": "Param_Angle_Rotation_6_shadow_m",
			"Segments": [
				0,
				0.463,
				1,
				0.022,
				0.463,
				0.044,
				0.534,
				0.067,
				0.534,
				1,
				0.333,
				0.534,
				0.6,
				-0.44,
				0.867,
				-0.44,
				1,
				1.044,
				-0.44,
				1.222,
				1.357,
				1.4,
				1.357,
				1,
				1.544,
				1.357,
				1.689,
				-1.511,
				1.833,
				-1.511,
				1,
				1.967,
				-1.511,
				2.1,
				2.327,
				2.233,
				2.327,
				1,
				2.367,
				2.327,
				2.5,
				-3.552,
				2.633,
				-3.552,
				1,
				2.778,
				-3.552,
				2.922,
				3.966,
				3.067,
				3.966,
				1,
				3.111,
				3.966,
				3.156,
				2.332,
				3.2,
				2.332
			]
		},
		{
			"Target": "Parameter",
			"Id": "Param_Angle_Rotation_7_shadow_m",
			"Segments": [
				0,
				0.047,
				1,
				0.067,
				0.047,
				0.133,
				0.925,
				0.2,
				0.925,
				1,
				0.378,
				0.925,
				0.556,
				-0.861,
				0.733,
				-0.861,
				1,
				0.989,
				-0.861,
				1.244,
				1.895,
				1.5,
				1.895,
				1,
				1.656,
				1.895,
				1.811,
				-1.696,
				1.967,
				-1.696,
				1,
				2.089,
				-1.696,
				2.211,
				2.973,
				2.333,
				2.973,
				1,
				2.467,
				2.973,
				2.6,
				-4.354,
				2.733,
				-4.354,
				1,
				2.878,
				-4.354,
				3.022,
				4.705,
				3.167,
				4.705,
				1,
				3.178,
				4.705,
				3.189,
				4.697,
				3.2,
				4.697
			]
		},
		{
			"Target": "Parameter",
			"Id": "Param_Angle_Rotation_8_shadow_m",
			"Segments": [
				0,
				-0.78,
				1,
				0.089,
				-0.78,
				0.178,
				1.397,
				0.267,
				1.397,
				1,
				0.422,
				1.397,
				0.578,
				-0.986,
				0.733,
				-0.986,
				1,
				1.011,
				-0.986,
				1.289,
				1.893,
				1.567,
				1.893,
				1,
				1.722,
				1.893,
				1.878,
				-2.201,
				2.033,
				-2.201,
				1,
				2.167,
				-2.201,
				2.3,
				3.632,
				2.433,
				3.632,
				1,
				2.544,
				3.632,
				2.656,
				-4.832,
				2.767,
				-4.832,
				1,
				2.911,
				-4.832,
				3.056,
				4.359,
				3.2,
				4.359
			]
		},
		{
			"Target": "Parameter",
			"Id": "Param_Angle_Rotation_9_shadow_m",
			"Segments": [
				0,
				-2.342,
				1,
				0.122,
				-2.342,
				0.244,
				1.975,
				0.367,
				1.975,
				1,
				0.522,
				1.975,
				0.678,
				-1.55,
				0.833,
				-1.55,
				1,
				1.111,
				-1.55,
				1.389,
				2.304,
				1.667,
				2.304,
				1,
				1.822,
				2.304,
				1.978,
				-2.614,
				2.133,
				-2.614,
				1,
				2.256,
				-2.614,
				2.378,
				4.051,
				2.5,
				4.051,
				1,
				2.611,
				4.051,
				2.722,
				-4.972,
				2.833,
				-4.972,
				1,
				2.956,
				-4.972,
				3.078,
				1.725,
				3.2,
				1.725
			]
		}
	]
}